category,template_id,template_name,pages,source_url
"포트폴리오","EAGHOnui8zw","블루 심플한 포트폴리오 면접 프레젠테이션","10","https://www.canva.com/ko_kr/templates/EAGHOnui8zw/"
"포트폴리오","EAG6jQvye8E","모노크롬 미니멀리스트 포트폴리오 프레젠테이션","10","https://www.canva.com/ko_kr/templates/EAG6jQvye8E/"
"포트폴리오","EAG7BY7pRrI","하늘색과 검정색 깔끔한 포트폴리오 프레젠테이션","10","https://www.canva.com/ko_kr/templates/EAG7BY7pRrI/"
"비즈니스_회사소개","EAHG4wm77aY","파란색 흰색 그라데이션 깔끔한 비즈니스 회사 소개서","10","https://www.canva.com/ko_kr/templates/EAHG4wm77aY/"
"비즈니스_회사소개","EAG8mF7AQFM","파란색 그라데이션 배경 마케팅 회사소개","10","https://www.canva.com/ko_kr/templates/EAG8mF7AQFM/"
"비즈니스_회사소개","EAGb9wrC2O4","흰색과 파랑색의 심플한 비즈니스 회사소개서","10","https://www.canva.com/ko_kr/templates/EAGb9wrC2O4/"
"비즈니스_회사소개","EAHMERLFF3I","파란색 흰색 심플한 비즈니스 보고서 발표","10","https://www.canva.com/ko_kr/templates/EAHMERLFF3I/"
"사업계획_제안서_기획서","EAGyATX1nUM","파란색과 회색 단순한 비즈니스 기획서","13","https://www.canva.com/ko_kr/templates/EAGyATX1nUM/"
"사업계획_제안서_기획서","EAHND0ddBKQ","회색과 상아색 비즈니스 기획서","11","https://www.canva.com/ko_kr/templates/EAHND0ddBKQ/"
"사업계획_제안서_기획서","EAG_Gr7srzo","파랑과 흰색 모던 사업 계획 프레젠테이션","11","https://www.canva.com/ko_kr/templates/EAG_Gr7srzo/"
"사업계획_제안서_기획서","EAGRR2sW9mg","파란색 검정 깔끔한 비즈니스 사업 제안서","11","https://www.canva.com/ko_kr/templates/EAGRR2sW9mg/"
"사업계획_제안서_기획서","EAG4c9WH8uU","노란색과 파란색 깔끔한 비즈니스 사업 제안 발표 보고서","14","https://www.canva.com/ko_kr/templates/EAG4c9WH8uU/"
"사업계획_제안서_기획서","EAG5xdI2aps","파란색과 회색 간결하고 깨끗한 비즈니스 기획서","16","https://www.canva.com/ko_kr/templates/EAG5xdI2aps/"
"사업계획_제안서_기획서","EAGuLbVYs7s","파란색 흰색 전문적인 비즈니스 프로젝트 발표 자료","11","https://www.canva.com/ko_kr/templates/EAGuLbVYs7s/"
"마케팅","EAHKIvoLyf0","회색 옅은 파랑 소프트 테크 마케터 포트폴리오","13","https://www.canva.com/ko_kr/templates/EAHKIvoLyf0/"
"보고서","EAHHLE1cmWU","데이터 기반 비즈니스 월간 성과 분석 보고서","10","https://www.canva.com/ko_kr/templates/EAHHLE1cmWU/"
"기타","EAGtXdLVNPA","어린이 자기소개 프레젠테이션","10","https://www.canva.com/ko_kr/templates/EAGtXdLVNPA/"