번호,원본경로,검수결과,판정기준
1,images/EAHLgRuaXLg/001.jpg,제외,"시각 검수 기준 미달: 평범한 구성, 장식 과다, 약한 정보 위계 또는 완성도 부족"
2,images/EAHLgRuaXLg/002.jpg,제외,"시각 검수 기준 미달: 평범한 구성, 장식 과다, 약한 정보 위계 또는 완성도 부족"
3,images/EAHLgRuaXLg/003.jpg,제외,"시각 검수 기준 미달: 평범한 구성, 장식 과다, 약한 정보 위계 또는 완성도 부족"
4,images/EAG-gFZvaew/001.jpg,제외,"시각 검수 기준 미달: 평범한 구성, 장식 과다, 약한 정보 위계 또는 완성도 부족"
5,images/EAG-gFZvaew/002.jpg,제외,"시각 검수 기준 미달: 평범한 구성, 장식 과다, 약한 정보 위계 또는 완성도 부족"
6,images/EAG-gFZvaew/003.jpg,제외,"시각 검수 기준 미달: 평범한 구성, 장식 과다, 약한 정보 위계 또는 완성도 부족"
7,images/EAG3JCyI6z0/001.jpg,제외,"시각 검수 기준 미달: 평범한 구성, 장식 과다, 약한 정보 위계 또는 완성도 부족"
8,images/EAG3JCyI6z0/002.jpg,제외,"시각 검수 기준 미달: 평범한 구성, 장식 과다, 약한 정보 위계 또는 완성도 부족"
9,images/EAG3JCyI6z0/006.jpg,제외,"시각 검수 기준 미달: 평범한 구성, 장식 과다, 약한 정보 위계 또는 완성도 부족"
10,images/EAG_zVyaq4I/001.jpg,제외,"시각 검수 기준 미달: 평범한 구성, 장식 과다, 약한 정보 위계 또는 완성도 부족"
11,images/EAG_zVyaq4I/002.jpg,제외,"시각 검수 기준 미달: 평범한 구성, 장식 과다, 약한 정보 위계 또는 완성도 부족"
12,images/EAG_zVyaq4I/010.jpg,제외,"시각 검수 기준 미달: 평범한 구성, 장식 과다, 약한 정보 위계 또는 완성도 부족"
13,images/EAG3JCyI6z0/011.jpg,제외,"시각 검수 기준 미달: 평범한 구성, 장식 과다, 약한 정보 위계 또는 완성도 부족"
14,images/EAG3JCyI6z0/012.jpg,제외,"시각 검수 기준 미달: 평범한 구성, 장식 과다, 약한 정보 위계 또는 완성도 부족"
15,images/EAGNvUvzLzM/001.jpg,제외,"시각 검수 기준 미달: 평범한 구성, 장식 과다, 약한 정보 위계 또는 완성도 부족"
16,images/EAGNvUvzLzM/002.jpg,제외,"시각 검수 기준 미달: 평범한 구성, 장식 과다, 약한 정보 위계 또는 완성도 부족"
17,images/EAGNvUvzLzM/006.jpg,제외,"시각 검수 기준 미달: 평범한 구성, 장식 과다, 약한 정보 위계 또는 완성도 부족"
18,images/EAGNvUvzLzM/010.jpg,제외,"시각 검수 기준 미달: 평범한 구성, 장식 과다, 약한 정보 위계 또는 완성도 부족"
19,images/EAGsd5UYM9g/001.jpg,제외,"시각 검수 기준 미달: 평범한 구성, 장식 과다, 약한 정보 위계 또는 완성도 부족"
20,images/EAGsd5UYM9g/002.jpg,제외,"시각 검수 기준 미달: 평범한 구성, 장식 과다, 약한 정보 위계 또는 완성도 부족"
21,images/EAGsd5UYM9g/007.jpg,제외,"시각 검수 기준 미달: 평범한 구성, 장식 과다, 약한 정보 위계 또는 완성도 부족"
22,images/EAG-Yub1-b0/001.jpg,제외,"시각 검수 기준 미달: 평범한 구성, 장식 과다, 약한 정보 위계 또는 완성도 부족"
23,images/EAG-Yub1-b0/002.jpg,제외,"시각 검수 기준 미달: 평범한 구성, 장식 과다, 약한 정보 위계 또는 완성도 부족"
24,images/EAG-Yub1-b0/003.jpg,제외,"시각 검수 기준 미달: 평범한 구성, 장식 과다, 약한 정보 위계 또는 완성도 부족"
25,images/EAG-Yub1-b0/004.jpg,제외,"시각 검수 기준 미달: 평범한 구성, 장식 과다, 약한 정보 위계 또는 완성도 부족"
26,images/EAG-Yub1-b0/008.jpg,제외,"시각 검수 기준 미달: 평범한 구성, 장식 과다, 약한 정보 위계 또는 완성도 부족"
27,images/EAFq15XSWGs/001.jpg,제외,"시각 검수 기준 미달: 평범한 구성, 장식 과다, 약한 정보 위계 또는 완성도 부족"
28,images/EAFq15XSWGs/002.jpg,제외,"시각 검수 기준 미달: 평범한 구성, 장식 과다, 약한 정보 위계 또는 완성도 부족"
29,images/EAFq15XSWGs/003.jpg,제외,"시각 검수 기준 미달: 평범한 구성, 장식 과다, 약한 정보 위계 또는 완성도 부족"
30,images/EAFq15XSWGs/004.jpg,제외,"시각 검수 기준 미달: 평범한 구성, 장식 과다, 약한 정보 위계 또는 완성도 부족"
31,images/EAFq15XSWGs/005.jpg,제외,"시각 검수 기준 미달: 평범한 구성, 장식 과다, 약한 정보 위계 또는 완성도 부족"
32,images/EAFq15XSWGs/006.jpg,제외,"시각 검수 기준 미달: 평범한 구성, 장식 과다, 약한 정보 위계 또는 완성도 부족"
33,images/EAFq15XSWGs/007.jpg,제외,"시각 검수 기준 미달: 평범한 구성, 장식 과다, 약한 정보 위계 또는 완성도 부족"
34,images/EAFq15XSWGs/008.jpg,제외,"시각 검수 기준 미달: 평범한 구성, 장식 과다, 약한 정보 위계 또는 완성도 부족"
35,images/EAFq15XSWGs/011.jpg,제외,"시각 검수 기준 미달: 평범한 구성, 장식 과다, 약한 정보 위계 또는 완성도 부족"
36,images/EAFq15XSWGs/012.jpg,제외,"시각 검수 기준 미달: 평범한 구성, 장식 과다, 약한 정보 위계 또는 완성도 부족"
37,images/EAGuv1sw0f4/001.jpg,제외,"시각 검수 기준 미달: 평범한 구성, 장식 과다, 약한 정보 위계 또는 완성도 부족"
38,images/EAGuv1sw0f4/002.jpg,제외,"시각 검수 기준 미달: 평범한 구성, 장식 과다, 약한 정보 위계 또는 완성도 부족"
39,images/EAGuv1sw0f4/003.jpg,제외,"시각 검수 기준 미달: 평범한 구성, 장식 과다, 약한 정보 위계 또는 완성도 부족"
40,images/EAGuv1sw0f4/006.jpg,제외,"시각 검수 기준 미달: 평범한 구성, 장식 과다, 약한 정보 위계 또는 완성도 부족"
41,images/EAGuv1sw0f4/008.jpg,제외,"시각 검수 기준 미달: 평범한 구성, 장식 과다, 약한 정보 위계 또는 완성도 부족"
42,images/EAGuv1sw0f4/009.jpg,제외,"시각 검수 기준 미달: 평범한 구성, 장식 과다, 약한 정보 위계 또는 완성도 부족"
43,images/EAGuv1sw0f4/010.jpg,제외,"시각 검수 기준 미달: 평범한 구성, 장식 과다, 약한 정보 위계 또는 완성도 부족"
44,images/EAGuv1sw0f4/011.jpg,제외,"시각 검수 기준 미달: 평범한 구성, 장식 과다, 약한 정보 위계 또는 완성도 부족"
45,images/EAGuv1sw0f4/012.jpg,제외,"시각 검수 기준 미달: 평범한 구성, 장식 과다, 약한 정보 위계 또는 완성도 부족"
46,images/EAGuv1sw0f4/013.jpg,제외,"시각 검수 기준 미달: 평범한 구성, 장식 과다, 약한 정보 위계 또는 완성도 부족"
47,images/EAGuv1sw0f4/014.jpg,제외,"시각 검수 기준 미달: 평범한 구성, 장식 과다, 약한 정보 위계 또는 완성도 부족"
48,images/EAGuv1sw0f4/018.jpg,제외,"시각 검수 기준 미달: 평범한 구성, 장식 과다, 약한 정보 위계 또는 완성도 부족"
49,images/EAGuv1sw0f4/019.jpg,제외,"시각 검수 기준 미달: 평범한 구성, 장식 과다, 약한 정보 위계 또는 완성도 부족"
50,images/EAGuv1sw0f4/020.jpg,제외,"시각 검수 기준 미달: 평범한 구성, 장식 과다, 약한 정보 위계 또는 완성도 부족"
51,images/EAGuv1sw0f4/021.jpg,제외,"시각 검수 기준 미달: 평범한 구성, 장식 과다, 약한 정보 위계 또는 완성도 부족"
52,images/EAGuv1sw0f4/022.jpg,제외,"시각 검수 기준 미달: 평범한 구성, 장식 과다, 약한 정보 위계 또는 완성도 부족"
53,images/EAGuv1sw0f4/025.jpg,제외,"시각 검수 기준 미달: 평범한 구성, 장식 과다, 약한 정보 위계 또는 완성도 부족"
54,images/EAGuv1sw0f4/026.jpg,제외,"시각 검수 기준 미달: 평범한 구성, 장식 과다, 약한 정보 위계 또는 완성도 부족"
55,images/EAGuv1sw0f4/027.jpg,제외,"시각 검수 기준 미달: 평범한 구성, 장식 과다, 약한 정보 위계 또는 완성도 부족"
56,images/EAGuv1sw0f4/030.jpg,제외,"시각 검수 기준 미달: 평범한 구성, 장식 과다, 약한 정보 위계 또는 완성도 부족"
57,images/EAGuv1sw0f4/032.jpg,제외,"시각 검수 기준 미달: 평범한 구성, 장식 과다, 약한 정보 위계 또는 완성도 부족"
58,images/EAGuv1sw0f4/034.jpg,제외,"시각 검수 기준 미달: 평범한 구성, 장식 과다, 약한 정보 위계 또는 완성도 부족"
59,images/EAGCc0Tv278/001.jpg,제외,"시각 검수 기준 미달: 평범한 구성, 장식 과다, 약한 정보 위계 또는 완성도 부족"
60,images/EAHMuu_eo2A/003.jpg,제외,"시각 검수 기준 미달: 평범한 구성, 장식 과다, 약한 정보 위계 또는 완성도 부족"
61,images/EAHMuu_eo2A/006.jpg,제외,"시각 검수 기준 미달: 평범한 구성, 장식 과다, 약한 정보 위계 또는 완성도 부족"
62,images/EAHMuu_eo2A/007.jpg,제외,"시각 검수 기준 미달: 평범한 구성, 장식 과다, 약한 정보 위계 또는 완성도 부족"
63,images/EAHMuu_eo2A/010.jpg,제외,"시각 검수 기준 미달: 평범한 구성, 장식 과다, 약한 정보 위계 또는 완성도 부족"
64,images/EAHMuu_eo2A/011.jpg,제외,"시각 검수 기준 미달: 평범한 구성, 장식 과다, 약한 정보 위계 또는 완성도 부족"
65,images/EAHMuu_eo2A/012.jpg,제외,"시각 검수 기준 미달: 평범한 구성, 장식 과다, 약한 정보 위계 또는 완성도 부족"
66,images/EAHMuu_eo2A/013.jpg,제외,"시각 검수 기준 미달: 평범한 구성, 장식 과다, 약한 정보 위계 또는 완성도 부족"
67,images/EAHKLHZ9N2M/002.jpg,제외,"시각 검수 기준 미달: 평범한 구성, 장식 과다, 약한 정보 위계 또는 완성도 부족"
68,images/EAHKLHZ9N2M/003.jpg,제외,"시각 검수 기준 미달: 평범한 구성, 장식 과다, 약한 정보 위계 또는 완성도 부족"
69,images/EAHKLHZ9N2M/005.jpg,제외,"시각 검수 기준 미달: 평범한 구성, 장식 과다, 약한 정보 위계 또는 완성도 부족"
70,images/EAHKLHZ9N2M/006.jpg,제외,"시각 검수 기준 미달: 평범한 구성, 장식 과다, 약한 정보 위계 또는 완성도 부족"
71,images/EAHKLHZ9N2M/007.jpg,제외,"시각 검수 기준 미달: 평범한 구성, 장식 과다, 약한 정보 위계 또는 완성도 부족"
72,images/EAHKLHZ9N2M/008.jpg,제외,"시각 검수 기준 미달: 평범한 구성, 장식 과다, 약한 정보 위계 또는 완성도 부족"
73,images/EAHKLHZ9N2M/010.jpg,제외,"시각 검수 기준 미달: 평범한 구성, 장식 과다, 약한 정보 위계 또는 완성도 부족"
74,images/EAHNio851xg/001.jpg,제외,"시각 검수 기준 미달: 평범한 구성, 장식 과다, 약한 정보 위계 또는 완성도 부족"
75,images/EAHNio851xg/002.jpg,제외,"시각 검수 기준 미달: 평범한 구성, 장식 과다, 약한 정보 위계 또는 완성도 부족"
76,images/EAHNio851xg/003.jpg,제외,"시각 검수 기준 미달: 평범한 구성, 장식 과다, 약한 정보 위계 또는 완성도 부족"
77,images/EAHNio851xg/004.jpg,제외,"시각 검수 기준 미달: 평범한 구성, 장식 과다, 약한 정보 위계 또는 완성도 부족"
78,images/EAHNio851xg/005.jpg,제외,"시각 검수 기준 미달: 평범한 구성, 장식 과다, 약한 정보 위계 또는 완성도 부족"
79,images/EAHNio851xg/006.jpg,제외,"시각 검수 기준 미달: 평범한 구성, 장식 과다, 약한 정보 위계 또는 완성도 부족"
80,images/EAHNio851xg/008.jpg,제외,"시각 검수 기준 미달: 평범한 구성, 장식 과다, 약한 정보 위계 또는 완성도 부족"
81,images/EAHNio851xg/009.jpg,제외,"시각 검수 기준 미달: 평범한 구성, 장식 과다, 약한 정보 위계 또는 완성도 부족"
82,images/EAHNio851xg/010.jpg,제외,"시각 검수 기준 미달: 평범한 구성, 장식 과다, 약한 정보 위계 또는 완성도 부족"
83,images/EAHNio851xg/011.jpg,제외,"시각 검수 기준 미달: 평범한 구성, 장식 과다, 약한 정보 위계 또는 완성도 부족"
84,images/EAHNio851xg/012.jpg,제외,"시각 검수 기준 미달: 평범한 구성, 장식 과다, 약한 정보 위계 또는 완성도 부족"
85,images/EAGWZ6HNfGM/002.jpg,유지,타이포그래피·여백·색상·이미지 구성의 완성도와 차별성 충족
86,images/EAGWZ6HNfGM/003.jpg,유지,타이포그래피·여백·색상·이미지 구성의 완성도와 차별성 충족
87,images/EAGWZ6HNfGM/004.jpg,제외,"시각 검수 기준 미달: 평범한 구성, 장식 과다, 약한 정보 위계 또는 완성도 부족"
88,images/EAGWZ6HNfGM/006.jpg,제외,"시각 검수 기준 미달: 평범한 구성, 장식 과다, 약한 정보 위계 또는 완성도 부족"
89,images/EAGWZ6HNfGM/007.jpg,유지,타이포그래피·여백·색상·이미지 구성의 완성도와 차별성 충족
90,images/EAGWZ6HNfGM/008.jpg,유지,타이포그래피·여백·색상·이미지 구성의 완성도와 차별성 충족
91,images/EAGWZ6HNfGM/009.jpg,제외,"시각 검수 기준 미달: 평범한 구성, 장식 과다, 약한 정보 위계 또는 완성도 부족"
92,images/EAGWZ6HNfGM/010.jpg,제외,"시각 검수 기준 미달: 평범한 구성, 장식 과다, 약한 정보 위계 또는 완성도 부족"
93,images/EAEGDTHY88k/001.jpg,제외,"시각 검수 기준 미달: 평범한 구성, 장식 과다, 약한 정보 위계 또는 완성도 부족"
94,images/EAEGDTHY88k/002.jpg,제외,"시각 검수 기준 미달: 평범한 구성, 장식 과다, 약한 정보 위계 또는 완성도 부족"
95,images/EAEGDTHY88k/003.jpg,제외,"시각 검수 기준 미달: 평범한 구성, 장식 과다, 약한 정보 위계 또는 완성도 부족"
96,images/EAEGDTHY88k/005.jpg,제외,"시각 검수 기준 미달: 평범한 구성, 장식 과다, 약한 정보 위계 또는 완성도 부족"
97,images/EAEGDTHY88k/006.jpg,제외,"시각 검수 기준 미달: 평범한 구성, 장식 과다, 약한 정보 위계 또는 완성도 부족"
98,images/EAEGDTHY88k/007.jpg,제외,"시각 검수 기준 미달: 평범한 구성, 장식 과다, 약한 정보 위계 또는 완성도 부족"
99,images/EAEGDTHY88k/008.jpg,제외,"시각 검수 기준 미달: 평범한 구성, 장식 과다, 약한 정보 위계 또는 완성도 부족"
100,images/EAEGDTHY88k/012.jpg,제외,"시각 검수 기준 미달: 평범한 구성, 장식 과다, 약한 정보 위계 또는 완성도 부족"
101,images/EAEGDTHY88k/013.jpg,제외,"시각 검수 기준 미달: 평범한 구성, 장식 과다, 약한 정보 위계 또는 완성도 부족"
102,images/EAEGDTHY88k/014.jpg,제외,"시각 검수 기준 미달: 평범한 구성, 장식 과다, 약한 정보 위계 또는 완성도 부족"
103,images/EAEGDTHY88k/015.jpg,제외,"시각 검수 기준 미달: 평범한 구성, 장식 과다, 약한 정보 위계 또는 완성도 부족"
104,images/EAG0iZrQTAI/003.jpg,제외,"시각 검수 기준 미달: 평범한 구성, 장식 과다, 약한 정보 위계 또는 완성도 부족"
105,images/EAG0W-oOzeM/001.jpg,제외,"시각 검수 기준 미달: 평범한 구성, 장식 과다, 약한 정보 위계 또는 완성도 부족"
106,images/EAG0iZrQTAI/004.jpg,제외,"시각 검수 기준 미달: 평범한 구성, 장식 과다, 약한 정보 위계 또는 완성도 부족"
107,images/EAG0W-oOzeM/002.jpg,제외,"시각 검수 기준 미달: 평범한 구성, 장식 과다, 약한 정보 위계 또는 완성도 부족"
108,images/EAG0iZrQTAI/005.jpg,제외,"시각 검수 기준 미달: 평범한 구성, 장식 과다, 약한 정보 위계 또는 완성도 부족"
109,images/EAG0iZrQTAI/006.jpg,제외,"시각 검수 기준 미달: 평범한 구성, 장식 과다, 약한 정보 위계 또는 완성도 부족"
110,images/EAG0W-oOzeM/003.jpg,제외,"시각 검수 기준 미달: 평범한 구성, 장식 과다, 약한 정보 위계 또는 완성도 부족"
111,images/EAG0iZrQTAI/007.jpg,제외,"시각 검수 기준 미달: 평범한 구성, 장식 과다, 약한 정보 위계 또는 완성도 부족"
112,images/EAG0W-oOzeM/004.jpg,제외,"시각 검수 기준 미달: 평범한 구성, 장식 과다, 약한 정보 위계 또는 완성도 부족"
113,images/EAG0iZrQTAI/008.jpg,제외,"시각 검수 기준 미달: 평범한 구성, 장식 과다, 약한 정보 위계 또는 완성도 부족"
114,images/EAG0W-oOzeM/007.jpg,제외,"시각 검수 기준 미달: 평범한 구성, 장식 과다, 약한 정보 위계 또는 완성도 부족"
115,images/EAG0W-oOzeM/009.jpg,제외,"시각 검수 기준 미달: 평범한 구성, 장식 과다, 약한 정보 위계 또는 완성도 부족"
116,images/EAGprsNMTDo/002.jpg,유지,타이포그래피·여백·색상·이미지 구성의 완성도와 차별성 충족
117,images/EAHKMadbz5k/003.jpg,제외,"시각 검수 기준 미달: 평범한 구성, 장식 과다, 약한 정보 위계 또는 완성도 부족"
118,images/EAG0W-oOzeM/010.jpg,제외,"시각 검수 기준 미달: 평범한 구성, 장식 과다, 약한 정보 위계 또는 완성도 부족"
119,images/EAEGDTHY88k/017.jpg,제외,"시각 검수 기준 미달: 평범한 구성, 장식 과다, 약한 정보 위계 또는 완성도 부족"
120,images/EAGprsNMTDo/010.jpg,유지,타이포그래피·여백·색상·이미지 구성의 완성도와 차별성 충족
121,images/EAHCS1vska0/006.jpg,제외,"시각 검수 기준 미달: 평범한 구성, 장식 과다, 약한 정보 위계 또는 완성도 부족"
122,images/EAG479VaQSU/008.jpg,제외,"시각 검수 기준 미달: 평범한 구성, 장식 과다, 약한 정보 위계 또는 완성도 부족"
123,images/EAFuR0vqXxc/003.jpg,제외,"시각 검수 기준 미달: 평범한 구성, 장식 과다, 약한 정보 위계 또는 완성도 부족"
124,images/EAG479VaQSU/009.jpg,제외,"시각 검수 기준 미달: 평범한 구성, 장식 과다, 약한 정보 위계 또는 완성도 부족"
125,images/EAHCS1vska0/007.jpg,제외,"시각 검수 기준 미달: 평범한 구성, 장식 과다, 약한 정보 위계 또는 완성도 부족"
126,images/EAFuR0vqXxc/007.jpg,제외,"시각 검수 기준 미달: 평범한 구성, 장식 과다, 약한 정보 위계 또는 완성도 부족"
127,images/EAFuR0vqXxc/008.jpg,제외,"시각 검수 기준 미달: 평범한 구성, 장식 과다, 약한 정보 위계 또는 완성도 부족"
128,images/EAFuR0vqXxc/011.jpg,제외,"시각 검수 기준 미달: 평범한 구성, 장식 과다, 약한 정보 위계 또는 완성도 부족"
129,images/EAFuR0vqXxc/013.jpg,제외,"시각 검수 기준 미달: 평범한 구성, 장식 과다, 약한 정보 위계 또는 완성도 부족"
130,images/EAFuR0vqXxc/014.jpg,제외,"시각 검수 기준 미달: 평범한 구성, 장식 과다, 약한 정보 위계 또는 완성도 부족"
131,images/EAFuR0vqXxc/015.jpg,제외,"시각 검수 기준 미달: 평범한 구성, 장식 과다, 약한 정보 위계 또는 완성도 부족"
132,images/EAFuR0vqXxc/017.jpg,제외,"시각 검수 기준 미달: 평범한 구성, 장식 과다, 약한 정보 위계 또는 완성도 부족"
133,images/EAG72NXQyy8/001.jpg,유지,타이포그래피·여백·색상·이미지 구성의 완성도와 차별성 충족
134,images/EAG72NXQyy8/002.jpg,제외,"시각 검수 기준 미달: 평범한 구성, 장식 과다, 약한 정보 위계 또는 완성도 부족"
135,images/EAHAQ740Qb0/001.jpg,제외,"시각 검수 기준 미달: 평범한 구성, 장식 과다, 약한 정보 위계 또는 완성도 부족"
136,images/EAG72NXQyy8/005.jpg,유지,타이포그래피·여백·색상·이미지 구성의 완성도와 차별성 충족
137,images/EAHAQ740Qb0/002.jpg,제외,"시각 검수 기준 미달: 평범한 구성, 장식 과다, 약한 정보 위계 또는 완성도 부족"
138,images/EAG72NXQyy8/006.jpg,제외,"시각 검수 기준 미달: 평범한 구성, 장식 과다, 약한 정보 위계 또는 완성도 부족"
139,images/EAGx5hV8xuU/003.jpg,제외,"시각 검수 기준 미달: 평범한 구성, 장식 과다, 약한 정보 위계 또는 완성도 부족"
140,images/EAG72NXQyy8/008.jpg,제외,"시각 검수 기준 미달: 평범한 구성, 장식 과다, 약한 정보 위계 또는 완성도 부족"
141,images/EAHAQ740Qb0/006.jpg,제외,"시각 검수 기준 미달: 평범한 구성, 장식 과다, 약한 정보 위계 또는 완성도 부족"
142,images/EAGx5hV8xuU/006.jpg,제외,"시각 검수 기준 미달: 평범한 구성, 장식 과다, 약한 정보 위계 또는 완성도 부족"
143,images/EAGx5hV8xuU/007.jpg,유지,타이포그래피·여백·색상·이미지 구성의 완성도와 차별성 충족
144,images/EAHAQ740Qb0/008.jpg,유지,타이포그래피·여백·색상·이미지 구성의 완성도와 차별성 충족
145,images/EAGx5hV8xuU/009.jpg,제외,"시각 검수 기준 미달: 평범한 구성, 장식 과다, 약한 정보 위계 또는 완성도 부족"
146,images/EAG72NXQyy8/012.jpg,제외,"시각 검수 기준 미달: 평범한 구성, 장식 과다, 약한 정보 위계 또는 완성도 부족"
147,images/EAHBr-ddUso/004.jpg,제외,"시각 검수 기준 미달: 평범한 구성, 장식 과다, 약한 정보 위계 또는 완성도 부족"
148,images/EAHMtQ4polY/010.jpg,제외,"시각 검수 기준 미달: 평범한 구성, 장식 과다, 약한 정보 위계 또는 완성도 부족"
149,images/EAHAQ740Qb0/012.jpg,제외,"시각 검수 기준 미달: 평범한 구성, 장식 과다, 약한 정보 위계 또는 완성도 부족"
150,images/EAG72NXQyy8/015.jpg,제외,"시각 검수 기준 미달: 평범한 구성, 장식 과다, 약한 정보 위계 또는 완성도 부족"
151,images/EAGx5hV8xuU/013.jpg,제외,"시각 검수 기준 미달: 평범한 구성, 장식 과다, 약한 정보 위계 또는 완성도 부족"
152,images/EAHAQ740Qb0/013.jpg,제외,"시각 검수 기준 미달: 평범한 구성, 장식 과다, 약한 정보 위계 또는 완성도 부족"
153,images/EAHBr-ddUso/006.jpg,제외,"시각 검수 기준 미달: 평범한 구성, 장식 과다, 약한 정보 위계 또는 완성도 부족"
154,images/EAHAQ740Qb0/014.jpg,제외,"시각 검수 기준 미달: 평범한 구성, 장식 과다, 약한 정보 위계 또는 완성도 부족"
155,images/EAHBood2EPw/003.jpg,유지,타이포그래피·여백·색상·이미지 구성의 완성도와 차별성 충족
156,images/EAGx5hV8xuU/015.jpg,제외,"시각 검수 기준 미달: 평범한 구성, 장식 과다, 약한 정보 위계 또는 완성도 부족"
157,images/EAHBood2EPw/004.jpg,유지,타이포그래피·여백·색상·이미지 구성의 완성도와 차별성 충족
158,images/EAHBr-ddUso/009.jpg,제외,"시각 검수 기준 미달: 평범한 구성, 장식 과다, 약한 정보 위계 또는 완성도 부족"
159,images/EAHBood2EPw/005.jpg,제외,"시각 검수 기준 미달: 평범한 구성, 장식 과다, 약한 정보 위계 또는 완성도 부족"
160,images/EAHBr-ddUso/011.jpg,제외,"시각 검수 기준 미달: 평범한 구성, 장식 과다, 약한 정보 위계 또는 완성도 부족"
161,images/EAHBr-ddUso/013.jpg,제외,"시각 검수 기준 미달: 평범한 구성, 장식 과다, 약한 정보 위계 또는 완성도 부족"
162,images/EAHBood2EPw/010.jpg,제외,"시각 검수 기준 미달: 평범한 구성, 장식 과다, 약한 정보 위계 또는 완성도 부족"
163,images/EAHBood2EPw/013.jpg,제외,"시각 검수 기준 미달: 평범한 구성, 장식 과다, 약한 정보 위계 또는 완성도 부족"
164,images/EAEskox5wTg/005.jpg,유지,타이포그래피·여백·색상·이미지 구성의 완성도와 차별성 충족
165,images/EAEskox5wTg/009.jpg,제외,"시각 검수 기준 미달: 평범한 구성, 장식 과다, 약한 정보 위계 또는 완성도 부족"
166,images/EAEskox5wTg/010.jpg,제외,"시각 검수 기준 미달: 평범한 구성, 장식 과다, 약한 정보 위계 또는 완성도 부족"
167,images/EAEskox5wTg/011.jpg,유지,타이포그래피·여백·색상·이미지 구성의 완성도와 차별성 충족
168,images/EAEskox5wTg/014.jpg,제외,"시각 검수 기준 미달: 평범한 구성, 장식 과다, 약한 정보 위계 또는 완성도 부족"
169,images/EAEskox5wTg/015.jpg,제외,"시각 검수 기준 미달: 평범한 구성, 장식 과다, 약한 정보 위계 또는 완성도 부족"
170,images/EADjXsfg__U/001.jpg,제외,"시각 검수 기준 미달: 평범한 구성, 장식 과다, 약한 정보 위계 또는 완성도 부족"
171,images/EAEmx5nA5hE/005.jpg,제외,"시각 검수 기준 미달: 평범한 구성, 장식 과다, 약한 정보 위계 또는 완성도 부족"
172,images/EAEmx5nA5hE/007.jpg,제외,"시각 검수 기준 미달: 평범한 구성, 장식 과다, 약한 정보 위계 또는 완성도 부족"
173,images/EAEmx5nA5hE/008.jpg,제외,"시각 검수 기준 미달: 평범한 구성, 장식 과다, 약한 정보 위계 또는 완성도 부족"
174,images/EAEmx5nA5hE/012.jpg,제외,"시각 검수 기준 미달: 평범한 구성, 장식 과다, 약한 정보 위계 또는 완성도 부족"
175,images/EAEmkaAweCo/001.jpg,제외,"시각 검수 기준 미달: 평범한 구성, 장식 과다, 약한 정보 위계 또는 완성도 부족"
176,images/EAEmx5nA5hE/018.jpg,제외,"시각 검수 기준 미달: 평범한 구성, 장식 과다, 약한 정보 위계 또는 완성도 부족"
177,images/EAEmx5nA5hE/020.jpg,제외,"시각 검수 기준 미달: 평범한 구성, 장식 과다, 약한 정보 위계 또는 완성도 부족"
178,images/EAEmkaAweCo/003.jpg,제외,"시각 검수 기준 미달: 평범한 구성, 장식 과다, 약한 정보 위계 또는 완성도 부족"
179,images/EAEmx5nA5hE/022.jpg,제외,"시각 검수 기준 미달: 평범한 구성, 장식 과다, 약한 정보 위계 또는 완성도 부족"
180,images/EADitYVTgU8/001.jpg,유지,타이포그래피·여백·색상·이미지 구성의 완성도와 차별성 충족
181,images/EADitYVTgU8/003.jpg,유지,타이포그래피·여백·색상·이미지 구성의 완성도와 차별성 충족
182,images/EAEmkaAweCo/009.jpg,제외,"시각 검수 기준 미달: 평범한 구성, 장식 과다, 약한 정보 위계 또는 완성도 부족"
183,images/EADitYVTgU8/010.jpg,제외,"시각 검수 기준 미달: 평범한 구성, 장식 과다, 약한 정보 위계 또는 완성도 부족"
184,images/EAEmkaAweCo/015.jpg,제외,"시각 검수 기준 미달: 평범한 구성, 장식 과다, 약한 정보 위계 또는 완성도 부족"
185,images/EAEskkAoGkc/003.jpg,유지,타이포그래피·여백·색상·이미지 구성의 완성도와 차별성 충족
186,images/EADitYVTgU8/011.jpg,유지,타이포그래피·여백·색상·이미지 구성의 완성도와 차별성 충족
187,images/EAEmkaAweCo/016.jpg,제외,"시각 검수 기준 미달: 평범한 구성, 장식 과다, 약한 정보 위계 또는 완성도 부족"
188,images/EADitYVTgU8/012.jpg,유지,타이포그래피·여백·색상·이미지 구성의 완성도와 차별성 충족
189,images/EAEskkAoGkc/004.jpg,제외,"시각 검수 기준 미달: 평범한 구성, 장식 과다, 약한 정보 위계 또는 완성도 부족"
190,images/EAEskkAoGkc/007.jpg,유지,타이포그래피·여백·색상·이미지 구성의 완성도와 차별성 충족
191,images/EAEsknH-R6k/012.jpg,제외,"시각 검수 기준 미달: 평범한 구성, 장식 과다, 약한 정보 위계 또는 완성도 부족"
192,images/EAEmkaAweCo/020.jpg,제외,"시각 검수 기준 미달: 평범한 구성, 장식 과다, 약한 정보 위계 또는 완성도 부족"
193,images/EAEsknH-R6k/013.jpg,제외,"시각 검수 기준 미달: 평범한 구성, 장식 과다, 약한 정보 위계 또는 완성도 부족"
194,images/EAEmkaAweCo/021.jpg,제외,"시각 검수 기준 미달: 평범한 구성, 장식 과다, 약한 정보 위계 또는 완성도 부족"
195,images/EAEskkAoGkc/008.jpg,제외,"시각 검수 기준 미달: 평범한 구성, 장식 과다, 약한 정보 위계 또는 완성도 부족"
196,images/EAEsknH-R6k/014.jpg,유지,타이포그래피·여백·색상·이미지 구성의 완성도와 차별성 충족
197,images/EAEmkaAweCo/022.jpg,제외,"시각 검수 기준 미달: 평범한 구성, 장식 과다, 약한 정보 위계 또는 완성도 부족"
198,images/EAEskkAoGkc/009.jpg,유지,타이포그래피·여백·색상·이미지 구성의 완성도와 차별성 충족
199,images/EAEskkAoGkc/012.jpg,제외,"시각 검수 기준 미달: 평범한 구성, 장식 과다, 약한 정보 위계 또는 완성도 부족"
200,images/EAEsknH-R6k/017.jpg,제외,"시각 검수 기준 미달: 평범한 구성, 장식 과다, 약한 정보 위계 또는 완성도 부족"
201,images/EAEmkaAweCo/025.jpg,제외,"시각 검수 기준 미달: 평범한 구성, 장식 과다, 약한 정보 위계 또는 완성도 부족"
202,images/EAEskkAoGkc/013.jpg,유지,타이포그래피·여백·색상·이미지 구성의 완성도와 차별성 충족
203,images/EAEmkaAweCo/026.jpg,제외,"시각 검수 기준 미달: 평범한 구성, 장식 과다, 약한 정보 위계 또는 완성도 부족"
204,images/EAEsknH-R6k/018.jpg,유지,타이포그래피·여백·색상·이미지 구성의 완성도와 차별성 충족
205,images/EAEsknH-R6k/019.jpg,제외,"시각 검수 기준 미달: 평범한 구성, 장식 과다, 약한 정보 위계 또는 완성도 부족"
206,images/EAEskkAoGkc/014.jpg,유지,타이포그래피·여백·색상·이미지 구성의 완성도와 차별성 충족
207,images/EAEsknH-R6k/020.jpg,제외,"시각 검수 기준 미달: 평범한 구성, 장식 과다, 약한 정보 위계 또는 완성도 부족"
208,images/EAEsknH-R6k/021.jpg,제외,"시각 검수 기준 미달: 평범한 구성, 장식 과다, 약한 정보 위계 또는 완성도 부족"
209,images/EAEskkAoGkc/015.jpg,유지,타이포그래피·여백·색상·이미지 구성의 완성도와 차별성 충족
210,images/EAEsknH-R6k/025.jpg,제외,"시각 검수 기준 미달: 평범한 구성, 장식 과다, 약한 정보 위계 또는 완성도 부족"
211,images/EAEskkAoGkc/018.jpg,유지,타이포그래피·여백·색상·이미지 구성의 완성도와 차별성 충족
212,images/EAEsknH-R6k/026.jpg,제외,"시각 검수 기준 미달: 평범한 구성, 장식 과다, 약한 정보 위계 또는 완성도 부족"
213,images/EAEskkAoGkc/019.jpg,제외,"시각 검수 기준 미달: 평범한 구성, 장식 과다, 약한 정보 위계 또는 완성도 부족"
214,images/EAEskkAoGkc/022.jpg,유지,타이포그래피·여백·색상·이미지 구성의 완성도와 차별성 충족
215,images/EAEskkAoGkc/025.jpg,제외,"시각 검수 기준 미달: 평범한 구성, 장식 과다, 약한 정보 위계 또는 완성도 부족"
216,images/EAE_s6AT8o0/001.jpg,제외,"시각 검수 기준 미달: 평범한 구성, 장식 과다, 약한 정보 위계 또는 완성도 부족"
217,images/EAE_s6AT8o0/005.jpg,제외,"시각 검수 기준 미달: 평범한 구성, 장식 과다, 약한 정보 위계 또는 완성도 부족"
218,images/EAE_s6AT8o0/008.jpg,제외,"시각 검수 기준 미달: 평범한 구성, 장식 과다, 약한 정보 위계 또는 완성도 부족"
219,images/EAE_s6AT8o0/009.jpg,제외,"시각 검수 기준 미달: 평범한 구성, 장식 과다, 약한 정보 위계 또는 완성도 부족"
220,images/EAE_s6AT8o0/010.jpg,제외,"시각 검수 기준 미달: 평범한 구성, 장식 과다, 약한 정보 위계 또는 완성도 부족"
221,images/EAE_s6AT8o0/013.jpg,제외,"시각 검수 기준 미달: 평범한 구성, 장식 과다, 약한 정보 위계 또는 완성도 부족"
222,images/EAGvaSWdVoM/001.jpg,유지,타이포그래피·여백·색상·이미지 구성의 완성도와 차별성 충족
223,images/EAGvaSWdVoM/002.jpg,제외,"시각 검수 기준 미달: 평범한 구성, 장식 과다, 약한 정보 위계 또는 완성도 부족"
224,images/EAGXjI9X_WU/001.jpg,제외,"시각 검수 기준 미달: 평범한 구성, 장식 과다, 약한 정보 위계 또는 완성도 부족"
225,images/EAFuKXJnhc8/005.jpg,유지,타이포그래피·여백·색상·이미지 구성의 완성도와 차별성 충족
226,images/EAGvaSWdVoM/008.jpg,제외,"시각 검수 기준 미달: 평범한 구성, 장식 과다, 약한 정보 위계 또는 완성도 부족"
227,images/EAGXjI9X_WU/002.jpg,제외,"시각 검수 기준 미달: 평범한 구성, 장식 과다, 약한 정보 위계 또는 완성도 부족"
228,images/EAFuKXJnhc8/006.jpg,유지,타이포그래피·여백·색상·이미지 구성의 완성도와 차별성 충족
229,images/EAHNx5gfS4g/002.jpg,제외,"시각 검수 기준 미달: 평범한 구성, 장식 과다, 약한 정보 위계 또는 완성도 부족"
230,images/EAG_4ie3Jg0/008.jpg,제외,"시각 검수 기준 미달: 평범한 구성, 장식 과다, 약한 정보 위계 또는 완성도 부족"
231,images/EAG2ced3RLM/009.jpg,제외,"시각 검수 기준 미달: 평범한 구성, 장식 과다, 약한 정보 위계 또는 완성도 부족"
232,images/EAHNx5gfS4g/003.jpg,제외,"시각 검수 기준 미달: 평범한 구성, 장식 과다, 약한 정보 위계 또는 완성도 부족"
233,images/EAG_4ie3Jg0/009.jpg,제외,"시각 검수 기준 미달: 평범한 구성, 장식 과다, 약한 정보 위계 또는 완성도 부족"
234,images/EAG_hzEeBp4/002.jpg,제외,"시각 검수 기준 미달: 평범한 구성, 장식 과다, 약한 정보 위계 또는 완성도 부족"
235,images/EAHNx5gfS4g/004.jpg,제외,"시각 검수 기준 미달: 평범한 구성, 장식 과다, 약한 정보 위계 또는 완성도 부족"
236,images/EAG2ced3RLM/010.jpg,제외,"시각 검수 기준 미달: 평범한 구성, 장식 과다, 약한 정보 위계 또는 완성도 부족"
237,images/EAHNx5gfS4g/006.jpg,제외,"시각 검수 기준 미달: 평범한 구성, 장식 과다, 약한 정보 위계 또는 완성도 부족"
238,images/EAG_hzEeBp4/005.jpg,제외,"시각 검수 기준 미달: 평범한 구성, 장식 과다, 약한 정보 위계 또는 완성도 부족"
239,images/EAG7S4rfyF0/001.jpg,제외,"시각 검수 기준 미달: 평범한 구성, 장식 과다, 약한 정보 위계 또는 완성도 부족"
240,images/EAHNx5gfS4g/007.jpg,제외,"시각 검수 기준 미달: 평범한 구성, 장식 과다, 약한 정보 위계 또는 완성도 부족"
241,images/EAG2rI99diA/003.jpg,유지,타이포그래피·여백·색상·이미지 구성의 완성도와 차별성 충족
242,images/EAG7S4rfyF0/007.jpg,제외,"시각 검수 기준 미달: 평범한 구성, 장식 과다, 약한 정보 위계 또는 완성도 부족"
243,images/EAG2rI99diA/008.jpg,유지,타이포그래피·여백·색상·이미지 구성의 완성도와 차별성 충족
244,images/EAG7S4rfyF0/009.jpg,제외,"시각 검수 기준 미달: 평범한 구성, 장식 과다, 약한 정보 위계 또는 완성도 부족"
245,images/EAG18kDhJPk/001.jpg,제외,"시각 검수 기준 미달: 평범한 구성, 장식 과다, 약한 정보 위계 또는 완성도 부족"
246,images/EAG2rI99diA/009.jpg,유지,타이포그래피·여백·색상·이미지 구성의 완성도와 차별성 충족
247,images/EAGvd-s2CWA/004.jpg,유지,타이포그래피·여백·색상·이미지 구성의 완성도와 차별성 충족
248,images/EAGvfJW0aow/001.jpg,제외,"시각 검수 기준 미달: 평범한 구성, 장식 과다, 약한 정보 위계 또는 완성도 부족"
249,images/EAGvd-s2CWA/006.jpg,유지,타이포그래피·여백·색상·이미지 구성의 완성도와 차별성 충족
250,images/EAGvfJW0aow/003.jpg,제외,"시각 검수 기준 미달: 평범한 구성, 장식 과다, 약한 정보 위계 또는 완성도 부족"
251,images/EAG18kDhJPk/006.jpg,제외,"시각 검수 기준 미달: 평범한 구성, 장식 과다, 약한 정보 위계 또는 완성도 부족"
252,images/EAGvd-s2CWA/008.jpg,유지,타이포그래피·여백·색상·이미지 구성의 완성도와 차별성 충족
253,images/EAG1HpByjxs/002.jpg,제외,"시각 검수 기준 미달: 평범한 구성, 장식 과다, 약한 정보 위계 또는 완성도 부족"
254,images/EAFcTaqqNtw/003.jpg,제외,"시각 검수 기준 미달: 평범한 구성, 장식 과다, 약한 정보 위계 또는 완성도 부족"
255,images/EAGvfJW0aow/005.jpg,제외,"시각 검수 기준 미달: 평범한 구성, 장식 과다, 약한 정보 위계 또는 완성도 부족"
256,images/EAG18kDhJPk/008.jpg,제외,"시각 검수 기준 미달: 평범한 구성, 장식 과다, 약한 정보 위계 또는 완성도 부족"
257,images/EAG1HpByjxs/003.jpg,제외,"시각 검수 기준 미달: 평범한 구성, 장식 과다, 약한 정보 위계 또는 완성도 부족"
258,images/EAGvd-s2CWA/009.jpg,유지,타이포그래피·여백·색상·이미지 구성의 완성도와 차별성 충족
259,images/EAGvd-s2CWA/010.jpg,유지,타이포그래피·여백·색상·이미지 구성의 완성도와 차별성 충족
260,images/EAG1HpByjxs/004.jpg,제외,"시각 검수 기준 미달: 평범한 구성, 장식 과다, 약한 정보 위계 또는 완성도 부족"
261,images/EAG1HpByjxs/005.jpg,제외,"시각 검수 기준 미달: 평범한 구성, 장식 과다, 약한 정보 위계 또는 완성도 부족"
262,images/EAG18kDhJPk/010.jpg,제외,"시각 검수 기준 미달: 평범한 구성, 장식 과다, 약한 정보 위계 또는 완성도 부족"
263,images/EAG1HpByjxs/006.jpg,제외,"시각 검수 기준 미달: 평범한 구성, 장식 과다, 약한 정보 위계 또는 완성도 부족"
264,images/EAGu169rcuo/001.jpg,유지,타이포그래피·여백·색상·이미지 구성의 완성도와 차별성 충족
265,images/EAGvfJW0aow/009.jpg,제외,"시각 검수 기준 미달: 평범한 구성, 장식 과다, 약한 정보 위계 또는 완성도 부족"
266,images/EAFcTaqqNtw/008.jpg,제외,"시각 검수 기준 미달: 평범한 구성, 장식 과다, 약한 정보 위계 또는 완성도 부족"
267,images/EAGu169rcuo/002.jpg,유지,타이포그래피·여백·색상·이미지 구성의 완성도와 차별성 충족
268,images/EAGxpwzfiJ4/003.jpg,제외,"시각 검수 기준 미달: 평범한 구성, 장식 과다, 약한 정보 위계 또는 완성도 부족"
269,images/EAGu169rcuo/004.jpg,유지,타이포그래피·여백·색상·이미지 구성의 완성도와 차별성 충족
270,images/EAG2k-UBMM0/002.jpg,제외,"시각 검수 기준 미달: 평범한 구성, 장식 과다, 약한 정보 위계 또는 완성도 부족"
271,images/EAG2k-UBMM0/003.jpg,제외,"시각 검수 기준 미달: 평범한 구성, 장식 과다, 약한 정보 위계 또는 완성도 부족"
272,images/EAG1HpByjxs/009.jpg,제외,"시각 검수 기준 미달: 평범한 구성, 장식 과다, 약한 정보 위계 또는 완성도 부족"
273,images/EAGRROhNK04/010.jpg,제외,"시각 검수 기준 미달: 평범한 구성, 장식 과다, 약한 정보 위계 또는 완성도 부족"
274,images/EAG1HpByjxs/011.jpg,제외,"시각 검수 기준 미달: 평범한 구성, 장식 과다, 약한 정보 위계 또는 완성도 부족"
275,images/EAGyyOzAfWk/002.jpg,제외,"시각 검수 기준 미달: 평범한 구성, 장식 과다, 약한 정보 위계 또는 완성도 부족"
276,images/EAGzV2ILg_w/001.jpg,제외,"시각 검수 기준 미달: 평범한 구성, 장식 과다, 약한 정보 위계 또는 완성도 부족"
277,images/EAGxpwzfiJ4/006.jpg,제외,"시각 검수 기준 미달: 평범한 구성, 장식 과다, 약한 정보 위계 또는 완성도 부족"
278,images/EAG2k-UBMM0/005.jpg,제외,"시각 검수 기준 미달: 평범한 구성, 장식 과다, 약한 정보 위계 또는 완성도 부족"
279,images/EAGu169rcuo/007.jpg,유지,타이포그래피·여백·색상·이미지 구성의 완성도와 차별성 충족
280,images/EAG1HpByjxs/012.jpg,제외,"시각 검수 기준 미달: 평범한 구성, 장식 과다, 약한 정보 위계 또는 완성도 부족"
281,images/EAGyyOzAfWk/003.jpg,제외,"시각 검수 기준 미달: 평범한 구성, 장식 과다, 약한 정보 위계 또는 완성도 부족"
282,images/EAGxpwzfiJ4/007.jpg,제외,"시각 검수 기준 미달: 평범한 구성, 장식 과다, 약한 정보 위계 또는 완성도 부족"
283,images/EAGu169rcuo/008.jpg,유지,타이포그래피·여백·색상·이미지 구성의 완성도와 차별성 충족
284,images/EAGzV2ILg_w/005.jpg,제외,"시각 검수 기준 미달: 평범한 구성, 장식 과다, 약한 정보 위계 또는 완성도 부족"
285,images/EAGyyOzAfWk/006.jpg,제외,"시각 검수 기준 미달: 평범한 구성, 장식 과다, 약한 정보 위계 또는 완성도 부족"
286,images/EAG2k-UBMM0/009.jpg,제외,"시각 검수 기준 미달: 평범한 구성, 장식 과다, 약한 정보 위계 또는 완성도 부족"
287,images/EAGxpwzfiJ4/010.jpg,제외,"시각 검수 기준 미달: 평범한 구성, 장식 과다, 약한 정보 위계 또는 완성도 부족"
288,images/EAGyyOzAfWk/008.jpg,제외,"시각 검수 기준 미달: 평범한 구성, 장식 과다, 약한 정보 위계 또는 완성도 부족"
289,images/EAGu169rcuo/013.jpg,제외,"시각 검수 기준 미달: 평범한 구성, 장식 과다, 약한 정보 위계 또는 완성도 부족"
290,images/EAG97l9TWkk/002.jpg,제외,"시각 검수 기준 미달: 평범한 구성, 장식 과다, 약한 정보 위계 또는 완성도 부족"
291,images/EAG97l9TWkk/003.jpg,제외,"시각 검수 기준 미달: 평범한 구성, 장식 과다, 약한 정보 위계 또는 완성도 부족"
292,images/EAG52yYv5XY/001.jpg,제외,"시각 검수 기준 미달: 평범한 구성, 장식 과다, 약한 정보 위계 또는 완성도 부족"
293,images/EAGyyOzAfWk/009.jpg,제외,"시각 검수 기준 미달: 평범한 구성, 장식 과다, 약한 정보 위계 또는 완성도 부족"
294,images/EAGu169rcuo/014.jpg,제외,"시각 검수 기준 미달: 평범한 구성, 장식 과다, 약한 정보 위계 또는 완성도 부족"
295,images/EAGzV2ILg_w/008.jpg,제외,"시각 검수 기준 미달: 평범한 구성, 장식 과다, 약한 정보 위계 또는 완성도 부족"
296,images/EAGu169rcuo/015.jpg,제외,"시각 검수 기준 미달: 평범한 구성, 장식 과다, 약한 정보 위계 또는 완성도 부족"
297,images/EAGzV2ILg_w/009.jpg,제외,"시각 검수 기준 미달: 평범한 구성, 장식 과다, 약한 정보 위계 또는 완성도 부족"
298,images/EAG97l9TWkk/005.jpg,제외,"시각 검수 기준 미달: 평범한 구성, 장식 과다, 약한 정보 위계 또는 완성도 부족"
299,images/EAGyyOzAfWk/011.jpg,제외,"시각 검수 기준 미달: 평범한 구성, 장식 과다, 약한 정보 위계 또는 완성도 부족"
300,images/EAGvEvDQdZs/001.jpg,제외,"시각 검수 기준 미달: 평범한 구성, 장식 과다, 약한 정보 위계 또는 완성도 부족"
301,images/EAHNS3lBfIo/002.jpg,제외,"시각 검수 기준 미달: 평범한 구성, 장식 과다, 약한 정보 위계 또는 완성도 부족"
302,images/EAG52yYv5XY/005.jpg,제외,"시각 검수 기준 미달: 평범한 구성, 장식 과다, 약한 정보 위계 또는 완성도 부족"
303,images/EAGvEvDQdZs/003.jpg,제외,"시각 검수 기준 미달: 평범한 구성, 장식 과다, 약한 정보 위계 또는 완성도 부족"
304,images/EAG2iKL6DtI/003.jpg,제외,"시각 검수 기준 미달: 평범한 구성, 장식 과다, 약한 정보 위계 또는 완성도 부족"
305,images/EAHNS3lBfIo/004.jpg,제외,"시각 검수 기준 미달: 평범한 구성, 장식 과다, 약한 정보 위계 또는 완성도 부족"
306,images/EAG0o8tzSn0/002.jpg,제외,"시각 검수 기준 미달: 평범한 구성, 장식 과다, 약한 정보 위계 또는 완성도 부족"
307,images/EAHNS3lBfIo/005.jpg,제외,"시각 검수 기준 미달: 평범한 구성, 장식 과다, 약한 정보 위계 또는 완성도 부족"
308,images/EAG2iKL6DtI/004.jpg,제외,"시각 검수 기준 미달: 평범한 구성, 장식 과다, 약한 정보 위계 또는 완성도 부족"
309,images/EAGvEvDQdZs/004.jpg,제외,"시각 검수 기준 미달: 평범한 구성, 장식 과다, 약한 정보 위계 또는 완성도 부족"
310,images/EAG7qP-UTrw/001.jpg,제외,"시각 검수 기준 미달: 평범한 구성, 장식 과다, 약한 정보 위계 또는 완성도 부족"
311,images/EAG97l9TWkk/009.jpg,제외,"시각 검수 기준 미달: 평범한 구성, 장식 과다, 약한 정보 위계 또는 완성도 부족"
312,images/EAGnUQGuh1E/005.jpg,제외,"시각 검수 기준 미달: 평범한 구성, 장식 과다, 약한 정보 위계 또는 완성도 부족"
313,images/EAFaVxhz4eM/005.jpg,제외,"시각 검수 기준 미달: 평범한 구성, 장식 과다, 약한 정보 위계 또는 완성도 부족"
314,images/EAG2cdyafyU/005.jpg,유지,타이포그래피·여백·색상·이미지 구성의 완성도와 차별성 충족
315,images/EAG52yYv5XY/007.jpg,제외,"시각 검수 기준 미달: 평범한 구성, 장식 과다, 약한 정보 위계 또는 완성도 부족"
316,images/EAG2iKL6DtI/005.jpg,제외,"시각 검수 기준 미달: 평범한 구성, 장식 과다, 약한 정보 위계 또는 완성도 부족"
317,images/EAG7qP-UTrw/002.jpg,제외,"시각 검수 기준 미달: 평범한 구성, 장식 과다, 약한 정보 위계 또는 완성도 부족"
318,images/EAGnUQGuh1E/006.jpg,제외,"시각 검수 기준 미달: 평범한 구성, 장식 과다, 약한 정보 위계 또는 완성도 부족"
319,images/EAFaVxhz4eM/006.jpg,제외,"시각 검수 기준 미달: 평범한 구성, 장식 과다, 약한 정보 위계 또는 완성도 부족"
320,images/EAGvEvDQdZs/005.jpg,제외,"시각 검수 기준 미달: 평범한 구성, 장식 과다, 약한 정보 위계 또는 완성도 부족"
321,images/EAG97l9TWkk/010.jpg,제외,"시각 검수 기준 미달: 평범한 구성, 장식 과다, 약한 정보 위계 또는 완성도 부족"
322,images/EAG0o8tzSn0/003.jpg,제외,"시각 검수 기준 미달: 평범한 구성, 장식 과다, 약한 정보 위계 또는 완성도 부족"
323,images/EAG52yYv5XY/008.jpg,제외,"시각 검수 기준 미달: 평범한 구성, 장식 과다, 약한 정보 위계 또는 완성도 부족"
324,images/EAG2cdyafyU/006.jpg,제외,"시각 검수 기준 미달: 평범한 구성, 장식 과다, 약한 정보 위계 또는 완성도 부족"
325,images/EAGnUQGuh1E/007.jpg,제외,"시각 검수 기준 미달: 평범한 구성, 장식 과다, 약한 정보 위계 또는 완성도 부족"
326,images/EAHNS3lBfIo/007.jpg,제외,"시각 검수 기준 미달: 평범한 구성, 장식 과다, 약한 정보 위계 또는 완성도 부족"
327,images/EAG0o8tzSn0/004.jpg,제외,"시각 검수 기준 미달: 평범한 구성, 장식 과다, 약한 정보 위계 또는 완성도 부족"
328,images/EAG2iKL6DtI/006.jpg,제외,"시각 검수 기준 미달: 평범한 구성, 장식 과다, 약한 정보 위계 또는 완성도 부족"
329,images/EAG52yYv5XY/009.jpg,제외,"시각 검수 기준 미달: 평범한 구성, 장식 과다, 약한 정보 위계 또는 완성도 부족"
330,images/EAG2cdyafyU/007.jpg,제외,"시각 검수 기준 미달: 평범한 구성, 장식 과다, 약한 정보 위계 또는 완성도 부족"
331,images/EAG97l9TWkk/011.jpg,제외,"시각 검수 기준 미달: 평범한 구성, 장식 과다, 약한 정보 위계 또는 완성도 부족"
332,images/EAFaVxhz4eM/007.jpg,유지,타이포그래피·여백·색상·이미지 구성의 완성도와 차별성 충족
333,images/EAG7qP-UTrw/004.jpg,제외,"시각 검수 기준 미달: 평범한 구성, 장식 과다, 약한 정보 위계 또는 완성도 부족"
334,images/EAGnUQGuh1E/008.jpg,제외,"시각 검수 기준 미달: 평범한 구성, 장식 과다, 약한 정보 위계 또는 완성도 부족"
335,images/EAGvEvDQdZs/006.jpg,제외,"시각 검수 기준 미달: 평범한 구성, 장식 과다, 약한 정보 위계 또는 완성도 부족"
336,images/EAG0o8tzSn0/005.jpg,제외,"시각 검수 기준 미달: 평범한 구성, 장식 과다, 약한 정보 위계 또는 완성도 부족"
337,images/EAG2iKL6DtI/007.jpg,제외,"시각 검수 기준 미달: 평범한 구성, 장식 과다, 약한 정보 위계 또는 완성도 부족"
338,images/EAG52yYv5XY/010.jpg,제외,"시각 검수 기준 미달: 평범한 구성, 장식 과다, 약한 정보 위계 또는 완성도 부족"
339,images/EAG2cdyafyU/008.jpg,제외,"시각 검수 기준 미달: 평범한 구성, 장식 과다, 약한 정보 위계 또는 완성도 부족"
340,images/EAHNS3lBfIo/009.jpg,제외,"시각 검수 기준 미달: 평범한 구성, 장식 과다, 약한 정보 위계 또는 완성도 부족"
341,images/EAG7qP-UTrw/005.jpg,제외,"시각 검수 기준 미달: 평범한 구성, 장식 과다, 약한 정보 위계 또는 완성도 부족"
342,images/EAGnUQGuh1E/009.jpg,제외,"시각 검수 기준 미달: 평범한 구성, 장식 과다, 약한 정보 위계 또는 완성도 부족"
343,images/EAG0o8tzSn0/006.jpg,제외,"시각 검수 기준 미달: 평범한 구성, 장식 과다, 약한 정보 위계 또는 완성도 부족"
344,images/EAG2iKL6DtI/008.jpg,제외,"시각 검수 기준 미달: 평범한 구성, 장식 과다, 약한 정보 위계 또는 완성도 부족"
345,images/EAGvEvDQdZs/007.jpg,제외,"시각 검수 기준 미달: 평범한 구성, 장식 과다, 약한 정보 위계 또는 완성도 부족"
346,images/EAG3uRkX1kM/001.jpg,제외,"시각 검수 기준 미달: 평범한 구성, 장식 과다, 약한 정보 위계 또는 완성도 부족"
347,images/EAHNS3lBfIo/010.jpg,제외,"시각 검수 기준 미달: 평범한 구성, 장식 과다, 약한 정보 위계 또는 완성도 부족"
348,images/EAG7qP-UTrw/006.jpg,제외,"시각 검수 기준 미달: 평범한 구성, 장식 과다, 약한 정보 위계 또는 완성도 부족"
349,images/EAG0o8tzSn0/007.jpg,제외,"시각 검수 기준 미달: 평범한 구성, 장식 과다, 약한 정보 위계 또는 완성도 부족"
350,images/EAGvEvDQdZs/008.jpg,제외,"시각 검수 기준 미달: 평범한 구성, 장식 과다, 약한 정보 위계 또는 완성도 부족"
351,images/EAG2iKL6DtI/009.jpg,제외,"시각 검수 기준 미달: 평범한 구성, 장식 과다, 약한 정보 위계 또는 완성도 부족"
352,images/EAFaVxhz4eM/010.jpg,제외,"시각 검수 기준 미달: 평범한 구성, 장식 과다, 약한 정보 위계 또는 완성도 부족"
353,images/EAG7qP-UTrw/007.jpg,제외,"시각 검수 기준 미달: 평범한 구성, 장식 과다, 약한 정보 위계 또는 완성도 부족"
354,images/EAF0HwJ4FOw/001.jpg,제외,"시각 검수 기준 미달: 평범한 구성, 장식 과다, 약한 정보 위계 또는 완성도 부족"
355,images/EAG2cdyafyU/011.jpg,제외,"시각 검수 기준 미달: 평범한 구성, 장식 과다, 약한 정보 위계 또는 완성도 부족"
356,images/EAGlE29u5_Q/002.jpg,제외,"시각 검수 기준 미달: 평범한 구성, 장식 과다, 약한 정보 위계 또는 완성도 부족"
357,images/EAGvEvDQdZs/010.jpg,제외,"시각 검수 기준 미달: 평범한 구성, 장식 과다, 약한 정보 위계 또는 완성도 부족"
358,images/EAFaVxhz4eM/012.jpg,제외,"시각 검수 기준 미달: 평범한 구성, 장식 과다, 약한 정보 위계 또는 완성도 부족"
359,images/EAF0HwJ4FOw/003.jpg,제외,"시각 검수 기준 미달: 평범한 구성, 장식 과다, 약한 정보 위계 또는 완성도 부족"
360,images/EAG7qP-UTrw/009.jpg,제외,"시각 검수 기준 미달: 평범한 구성, 장식 과다, 약한 정보 위계 또는 완성도 부족"
361,images/EAG3uRkX1kM/004.jpg,제외,"시각 검수 기준 미달: 평범한 구성, 장식 과다, 약한 정보 위계 또는 완성도 부족"
362,images/EAGY4i-4lmg/002.jpg,제외,"시각 검수 기준 미달: 평범한 구성, 장식 과다, 약한 정보 위계 또는 완성도 부족"
363,images/EAG7L5ViYhM/001.jpg,제외,"시각 검수 기준 미달: 평범한 구성, 장식 과다, 약한 정보 위계 또는 완성도 부족"
364,images/EAG0o8tzSn0/009.jpg,제외,"시각 검수 기준 미달: 평범한 구성, 장식 과다, 약한 정보 위계 또는 완성도 부족"
365,images/EAGlE29u5_Q/003.jpg,제외,"시각 검수 기준 미달: 평범한 구성, 장식 과다, 약한 정보 위계 또는 완성도 부족"
366,images/EAG-kYIYQIQ/001.jpg,제외,"시각 검수 기준 미달: 평범한 구성, 장식 과다, 약한 정보 위계 또는 완성도 부족"
367,images/EAG3uRkX1kM/005.jpg,제외,"시각 검수 기준 미달: 평범한 구성, 장식 과다, 약한 정보 위계 또는 완성도 부족"
368,images/EAGugy3wf7k/001.jpg,유지,타이포그래피·여백·색상·이미지 구성의 완성도와 차별성 충족
369,images/EAG7L5ViYhM/002.jpg,제외,"시각 검수 기준 미달: 평범한 구성, 장식 과다, 약한 정보 위계 또는 완성도 부족"
370,images/EAGlE29u5_Q/005.jpg,제외,"시각 검수 기준 미달: 평범한 구성, 장식 과다, 약한 정보 위계 또는 완성도 부족"
371,images/EAHIH77VVLU/002.jpg,유지,타이포그래피·여백·색상·이미지 구성의 완성도와 차별성 충족
372,images/EAG0o8tzSn0/011.jpg,제외,"시각 검수 기준 미달: 평범한 구성, 장식 과다, 약한 정보 위계 또는 완성도 부족"
373,images/EAG-kYIYQIQ/003.jpg,제외,"시각 검수 기준 미달: 평범한 구성, 장식 과다, 약한 정보 위계 또는 완성도 부족"
374,images/EAF0HwJ4FOw/005.jpg,제외,"시각 검수 기준 미달: 평범한 구성, 장식 과다, 약한 정보 위계 또는 완성도 부족"
375,images/EAHOh9iJuYA/001.jpg,제외,"시각 검수 기준 미달: 평범한 구성, 장식 과다, 약한 정보 위계 또는 완성도 부족"
376,images/EAFaVxhz4eM/015.jpg,제외,"시각 검수 기준 미달: 평범한 구성, 장식 과다, 약한 정보 위계 또는 완성도 부족"
377,images/EAG7L5ViYhM/004.jpg,제외,"시각 검수 기준 미달: 평범한 구성, 장식 과다, 약한 정보 위계 또는 완성도 부족"
378,images/EAF0HwJ4FOw/006.jpg,제외,"시각 검수 기준 미달: 평범한 구성, 장식 과다, 약한 정보 위계 또는 완성도 부족"
379,images/EAHOh9iJuYA/002.jpg,제외,"시각 검수 기준 미달: 평범한 구성, 장식 과다, 약한 정보 위계 또는 완성도 부족"
380,images/EAG7L5ViYhM/005.jpg,제외,"시각 검수 기준 미달: 평범한 구성, 장식 과다, 약한 정보 위계 또는 완성도 부족"
381,images/EAG3uRkX1kM/008.jpg,제외,"시각 검수 기준 미달: 평범한 구성, 장식 과다, 약한 정보 위계 또는 완성도 부족"
382,images/EAHIH77VVLU/005.jpg,유지,타이포그래피·여백·색상·이미지 구성의 완성도와 차별성 충족
383,images/EAHOh9iJuYA/004.jpg,제외,"시각 검수 기준 미달: 평범한 구성, 장식 과다, 약한 정보 위계 또는 완성도 부족"
384,images/EAG-kYIYQIQ/006.jpg,제외,"시각 검수 기준 미달: 평범한 구성, 장식 과다, 약한 정보 위계 또는 완성도 부족"
385,images/EAF0HwJ4FOw/008.jpg,제외,"시각 검수 기준 미달: 평범한 구성, 장식 과다, 약한 정보 위계 또는 완성도 부족"
386,images/EAGmxongmOw/002.jpg,유지,타이포그래피·여백·색상·이미지 구성의 완성도와 차별성 충족
387,images/EAGl_uDe3t8/003.jpg,제외,"시각 검수 기준 미달: 평범한 구성, 장식 과다, 약한 정보 위계 또는 완성도 부족"
388,images/EAG7L5ViYhM/007.jpg,제외,"시각 검수 기준 미달: 평범한 구성, 장식 과다, 약한 정보 위계 또는 완성도 부족"
389,images/EAGugy3wf7k/006.jpg,제외,"시각 검수 기준 미달: 평범한 구성, 장식 과다, 약한 정보 위계 또는 완성도 부족"
390,images/EAG3uRkX1kM/010.jpg,제외,"시각 검수 기준 미달: 평범한 구성, 장식 과다, 약한 정보 위계 또는 완성도 부족"
391,images/EAGlE29u5_Q/009.jpg,제외,"시각 검수 기준 미달: 평범한 구성, 장식 과다, 약한 정보 위계 또는 완성도 부족"
392,images/EAG-kYIYQIQ/007.jpg,제외,"시각 검수 기준 미달: 평범한 구성, 장식 과다, 약한 정보 위계 또는 완성도 부족"
393,images/EAHOh9iJuYA/005.jpg,제외,"시각 검수 기준 미달: 평범한 구성, 장식 과다, 약한 정보 위계 또는 완성도 부족"
394,images/EAHIH77VVLU/006.jpg,유지,타이포그래피·여백·색상·이미지 구성의 완성도와 차별성 충족
395,images/EAG9ogagSDA/002.jpg,제외,"시각 검수 기준 미달: 평범한 구성, 장식 과다, 약한 정보 위계 또는 완성도 부족"
396,images/EAGmxongmOw/003.jpg,제외,"시각 검수 기준 미달: 평범한 구성, 장식 과다, 약한 정보 위계 또는 완성도 부족"
397,images/EAGlE29u5_Q/010.jpg,제외,"시각 검수 기준 미달: 평범한 구성, 장식 과다, 약한 정보 위계 또는 완성도 부족"
398,images/EAF0HwJ4FOw/009.jpg,제외,"시각 검수 기준 미달: 평범한 구성, 장식 과다, 약한 정보 위계 또는 완성도 부족"
399,images/EAG-kYIYQIQ/010.jpg,제외,"시각 검수 기준 미달: 평범한 구성, 장식 과다, 약한 정보 위계 또는 완성도 부족"
400,images/EAHIH77VVLU/009.jpg,유지,타이포그래피·여백·색상·이미지 구성의 완성도와 차별성 충족
401,images/EAF0HwJ4FOw/012.jpg,제외,"시각 검수 기준 미달: 평범한 구성, 장식 과다, 약한 정보 위계 또는 완성도 부족"
402,images/EAG7L5ViYhM/010.jpg,제외,"시각 검수 기준 미달: 평범한 구성, 장식 과다, 약한 정보 위계 또는 완성도 부족"
403,images/EAGl_uDe3t8/007.jpg,제외,"시각 검수 기준 미달: 평범한 구성, 장식 과다, 약한 정보 위계 또는 완성도 부족"
404,images/EAGugy3wf7k/010.jpg,유지,타이포그래피·여백·색상·이미지 구성의 완성도와 차별성 충족
405,images/EAG9ogagSDA/005.jpg,제외,"시각 검수 기준 미달: 평범한 구성, 장식 과다, 약한 정보 위계 또는 완성도 부족"
406,images/EAGmxongmOw/006.jpg,제외,"시각 검수 기준 미달: 평범한 구성, 장식 과다, 약한 정보 위계 또는 완성도 부족"
407,images/EAHMcpfG1g0/002.jpg,제외,"시각 검수 기준 미달: 평범한 구성, 장식 과다, 약한 정보 위계 또는 완성도 부족"
408,images/EAHIH77VVLU/010.jpg,유지,타이포그래피·여백·색상·이미지 구성의 완성도와 차별성 충족
409,images/EAGl_uDe3t8/008.jpg,제외,"시각 검수 기준 미달: 평범한 구성, 장식 과다, 약한 정보 위계 또는 완성도 부족"
410,images/EAHMcpfG1g0/003.jpg,제외,"시각 검수 기준 미달: 평범한 구성, 장식 과다, 약한 정보 위계 또는 완성도 부족"
411,images/EAGmxongmOw/007.jpg,제외,"시각 검수 기준 미달: 평범한 구성, 장식 과다, 약한 정보 위계 또는 완성도 부족"
412,images/EAHOh9iJuYA/009.jpg,제외,"시각 검수 기준 미달: 평범한 구성, 장식 과다, 약한 정보 위계 또는 완성도 부족"
413,images/EAGl_uDe3t8/009.jpg,제외,"시각 검수 기준 미달: 평범한 구성, 장식 과다, 약한 정보 위계 또는 완성도 부족"
414,images/EAHOh9iJuYA/010.jpg,제외,"시각 검수 기준 미달: 평범한 구성, 장식 과다, 약한 정보 위계 또는 완성도 부족"
415,images/EAHMcpfG1g0/004.jpg,제외,"시각 검수 기준 미달: 평범한 구성, 장식 과다, 약한 정보 위계 또는 완성도 부족"
416,images/EAG9ogagSDA/007.jpg,제외,"시각 검수 기준 미달: 평범한 구성, 장식 과다, 약한 정보 위계 또는 완성도 부족"
417,images/EAHCth824Fw/004.jpg,제외,"시각 검수 기준 미달: 평범한 구성, 장식 과다, 약한 정보 위계 또는 완성도 부족"
418,images/EAGmxongmOw/008.jpg,제외,"시각 검수 기준 미달: 평범한 구성, 장식 과다, 약한 정보 위계 또는 완성도 부족"
419,images/EAF0HwJ4FOw/015.jpg,제외,"시각 검수 기준 미달: 평범한 구성, 장식 과다, 약한 정보 위계 또는 완성도 부족"
420,images/EAGl_uDe3t8/010.jpg,제외,"시각 검수 기준 미달: 평범한 구성, 장식 과다, 약한 정보 위계 또는 완성도 부족"
421,images/EAF9mDIZpbs/001.jpg,제외,"시각 검수 기준 미달: 평범한 구성, 장식 과다, 약한 정보 위계 또는 완성도 부족"
422,images/EAHOh9iJuYA/011.jpg,제외,"시각 검수 기준 미달: 평범한 구성, 장식 과다, 약한 정보 위계 또는 완성도 부족"
423,images/EAG6uvGyEHE/004.jpg,제외,"시각 검수 기준 미달: 평범한 구성, 장식 과다, 약한 정보 위계 또는 완성도 부족"
424,images/EAHDI75PlSE/001.jpg,제외,"시각 검수 기준 미달: 평범한 구성, 장식 과다, 약한 정보 위계 또는 완성도 부족"
425,images/EAHMcpfG1g0/005.jpg,제외,"시각 검수 기준 미달: 평범한 구성, 장식 과다, 약한 정보 위계 또는 완성도 부족"
426,images/EAHCth824Fw/005.jpg,제외,"시각 검수 기준 미달: 평범한 구성, 장식 과다, 약한 정보 위계 또는 완성도 부족"
427,images/EAGmxongmOw/009.jpg,제외,"시각 검수 기준 미달: 평범한 구성, 장식 과다, 약한 정보 위계 또는 완성도 부족"
428,images/EAG9ogagSDA/008.jpg,제외,"시각 검수 기준 미달: 평범한 구성, 장식 과다, 약한 정보 위계 또는 완성도 부족"
429,images/EAG1quLtr8c/001.jpg,제외,"시각 검수 기준 미달: 평범한 구성, 장식 과다, 약한 정보 위계 또는 완성도 부족"
430,images/EAHDI75PlSE/002.jpg,제외,"시각 검수 기준 미달: 평범한 구성, 장식 과다, 약한 정보 위계 또는 완성도 부족"
431,images/EAG7NfXwUPY/002.jpg,제외,"시각 검수 기준 미달: 평범한 구성, 장식 과다, 약한 정보 위계 또는 완성도 부족"
432,images/EAG9ogagSDA/009.jpg,제외,"시각 검수 기준 미달: 평범한 구성, 장식 과다, 약한 정보 위계 또는 완성도 부족"
433,images/EAHMcpfG1g0/006.jpg,제외,"시각 검수 기준 미달: 평범한 구성, 장식 과다, 약한 정보 위계 또는 완성도 부족"
434,images/EAG6uvGyEHE/005.jpg,제외,"시각 검수 기준 미달: 평범한 구성, 장식 과다, 약한 정보 위계 또는 완성도 부족"
435,images/EAHCth824Fw/006.jpg,제외,"시각 검수 기준 미달: 평범한 구성, 장식 과다, 약한 정보 위계 또는 완성도 부족"
436,images/EAG1quLtr8c/002.jpg,제외,"시각 검수 기준 미달: 평범한 구성, 장식 과다, 약한 정보 위계 또는 완성도 부족"
437,images/EAGmxongmOw/010.jpg,유지,타이포그래피·여백·색상·이미지 구성의 완성도와 차별성 충족
438,images/EAHDI75PlSE/003.jpg,제외,"시각 검수 기준 미달: 평범한 구성, 장식 과다, 약한 정보 위계 또는 완성도 부족"
439,images/EAHCth824Fw/008.jpg,제외,"시각 검수 기준 미달: 평범한 구성, 장식 과다, 약한 정보 위계 또는 완성도 부족"
440,images/EAHT0glFU18/001.jpg,제외,"시각 검수 기준 미달: 평범한 구성, 장식 과다, 약한 정보 위계 또는 완성도 부족"
441,images/EAG2Yzju2SQ/002.jpg,제외,"시각 검수 기준 미달: 평범한 구성, 장식 과다, 약한 정보 위계 또는 완성도 부족"
442,images/EAG1quLtr8c/004.jpg,제외,"시각 검수 기준 미달: 평범한 구성, 장식 과다, 약한 정보 위계 또는 완성도 부족"
443,images/EAHMcpfG1g0/008.jpg,제외,"시각 검수 기준 미달: 평범한 구성, 장식 과다, 약한 정보 위계 또는 완성도 부족"
444,images/EAG9ogagSDA/011.jpg,제외,"시각 검수 기준 미달: 평범한 구성, 장식 과다, 약한 정보 위계 또는 완성도 부족"
445,images/EAF9mDIZpbs/004.jpg,제외,"시각 검수 기준 미달: 평범한 구성, 장식 과다, 약한 정보 위계 또는 완성도 부족"
446,images/EAG6uvGyEHE/007.jpg,제외,"시각 검수 기준 미달: 평범한 구성, 장식 과다, 약한 정보 위계 또는 완성도 부족"
447,images/EAGmxongmOw/012.jpg,제외,"시각 검수 기준 미달: 평범한 구성, 장식 과다, 약한 정보 위계 또는 완성도 부족"
448,images/EAHDI75PlSE/005.jpg,제외,"시각 검수 기준 미달: 평범한 구성, 장식 과다, 약한 정보 위계 또는 완성도 부족"
449,images/EAG7NfXwUPY/005.jpg,유지,타이포그래피·여백·색상·이미지 구성의 완성도와 차별성 충족
450,images/EAHT0glFU18/002.jpg,제외,"시각 검수 기준 미달: 평범한 구성, 장식 과다, 약한 정보 위계 또는 완성도 부족"
451,images/EAG9ogagSDA/012.jpg,제외,"시각 검수 기준 미달: 평범한 구성, 장식 과다, 약한 정보 위계 또는 완성도 부족"
452,images/EAG1quLtr8c/005.jpg,제외,"시각 검수 기준 미달: 평범한 구성, 장식 과다, 약한 정보 위계 또는 완성도 부족"
453,images/EAG2Yzju2SQ/003.jpg,제외,"시각 검수 기준 미달: 평범한 구성, 장식 과다, 약한 정보 위계 또는 완성도 부족"
454,images/EAG6uvGyEHE/008.jpg,제외,"시각 검수 기준 미달: 평범한 구성, 장식 과다, 약한 정보 위계 또는 완성도 부족"
455,images/EAHDI75PlSE/006.jpg,제외,"시각 검수 기준 미달: 평범한 구성, 장식 과다, 약한 정보 위계 또는 완성도 부족"
456,images/EAHCth824Fw/009.jpg,제외,"시각 검수 기준 미달: 평범한 구성, 장식 과다, 약한 정보 위계 또는 완성도 부족"
457,images/EAF9mDIZpbs/005.jpg,제외,"시각 검수 기준 미달: 평범한 구성, 장식 과다, 약한 정보 위계 또는 완성도 부족"
458,images/EAG7NfXwUPY/006.jpg,유지,타이포그래피·여백·색상·이미지 구성의 완성도와 차별성 충족
459,images/EAG3Tdd_Vqo/002.jpg,제외,"시각 검수 기준 미달: 평범한 구성, 장식 과다, 약한 정보 위계 또는 완성도 부족"
460,images/EAHT0glFU18/003.jpg,제외,"시각 검수 기준 미달: 평범한 구성, 장식 과다, 약한 정보 위계 또는 완성도 부족"
461,images/EAHMcpfG1g0/010.jpg,제외,"시각 검수 기준 미달: 평범한 구성, 장식 과다, 약한 정보 위계 또는 완성도 부족"
462,images/EAG6uvGyEHE/009.jpg,제외,"시각 검수 기준 미달: 평범한 구성, 장식 과다, 약한 정보 위계 또는 완성도 부족"
463,images/EAG7NfXwUPY/007.jpg,유지,타이포그래피·여백·색상·이미지 구성의 완성도와 차별성 충족
464,images/EAHDI75PlSE/007.jpg,제외,"시각 검수 기준 미달: 평범한 구성, 장식 과다, 약한 정보 위계 또는 완성도 부족"
465,images/EAG1quLtr8c/006.jpg,제외,"시각 검수 기준 미달: 평범한 구성, 장식 과다, 약한 정보 위계 또는 완성도 부족"
466,images/EAG9ogagSDA/013.jpg,제외,"시각 검수 기준 미달: 평범한 구성, 장식 과다, 약한 정보 위계 또는 완성도 부족"
467,images/EAF9mDIZpbs/006.jpg,제외,"시각 검수 기준 미달: 평범한 구성, 장식 과다, 약한 정보 위계 또는 완성도 부족"
468,images/EAG2Yzju2SQ/004.jpg,제외,"시각 검수 기준 미달: 평범한 구성, 장식 과다, 약한 정보 위계 또는 완성도 부족"
469,images/EAHCth824Fw/010.jpg,제외,"시각 검수 기준 미달: 평범한 구성, 장식 과다, 약한 정보 위계 또는 완성도 부족"
470,images/EAHMcpfG1g0/011.jpg,제외,"시각 검수 기준 미달: 평범한 구성, 장식 과다, 약한 정보 위계 또는 완성도 부족"
471,images/EAHT0glFU18/004.jpg,제외,"시각 검수 기준 미달: 평범한 구성, 장식 과다, 약한 정보 위계 또는 완성도 부족"
472,images/EAG3Tdd_Vqo/003.jpg,제외,"시각 검수 기준 미달: 평범한 구성, 장식 과다, 약한 정보 위계 또는 완성도 부족"
473,images/EAGYO4oIf8w/001.jpg,제외,"시각 검수 기준 미달: 평범한 구성, 장식 과다, 약한 정보 위계 또는 완성도 부족"
474,images/EAG6uvGyEHE/010.jpg,제외,"시각 검수 기준 미달: 평범한 구성, 장식 과다, 약한 정보 위계 또는 완성도 부족"
475,images/EAG7NfXwUPY/008.jpg,유지,타이포그래피·여백·색상·이미지 구성의 완성도와 차별성 충족
476,images/EAHDI75PlSE/008.jpg,제외,"시각 검수 기준 미달: 평범한 구성, 장식 과다, 약한 정보 위계 또는 완성도 부족"
477,images/EAF9mDIZpbs/007.jpg,제외,"시각 검수 기준 미달: 평범한 구성, 장식 과다, 약한 정보 위계 또는 완성도 부족"
478,images/EAG2Yzju2SQ/005.jpg,제외,"시각 검수 기준 미달: 평범한 구성, 장식 과다, 약한 정보 위계 또는 완성도 부족"
479,images/EAG3Tdd_Vqo/004.jpg,제외,"시각 검수 기준 미달: 평범한 구성, 장식 과다, 약한 정보 위계 또는 완성도 부족"
480,images/EAHDI75PlSE/009.jpg,제외,"시각 검수 기준 미달: 평범한 구성, 장식 과다, 약한 정보 위계 또는 완성도 부족"
481,images/EAF9mDIZpbs/008.jpg,제외,"시각 검수 기준 미달: 평범한 구성, 장식 과다, 약한 정보 위계 또는 완성도 부족"
482,images/EAHT0glFU18/005.jpg,제외,"시각 검수 기준 미달: 평범한 구성, 장식 과다, 약한 정보 위계 또는 완성도 부족"
483,images/EAG1quLtr8c/008.jpg,제외,"시각 검수 기준 미달: 평범한 구성, 장식 과다, 약한 정보 위계 또는 완성도 부족"
484,images/EAG7NfXwUPY/009.jpg,제외,"시각 검수 기준 미달: 평범한 구성, 장식 과다, 약한 정보 위계 또는 완성도 부족"
485,images/EAG6uvGyEHE/011.jpg,제외,"시각 검수 기준 미달: 평범한 구성, 장식 과다, 약한 정보 위계 또는 완성도 부족"
486,images/EAG2Yzju2SQ/006.jpg,제외,"시각 검수 기준 미달: 평범한 구성, 장식 과다, 약한 정보 위계 또는 완성도 부족"
487,images/EAHCth824Fw/012.jpg,제외,"시각 검수 기준 미달: 평범한 구성, 장식 과다, 약한 정보 위계 또는 완성도 부족"
488,images/EAHAXhSgjN8/001.jpg,유지,타이포그래피·여백·색상·이미지 구성의 완성도와 차별성 충족
489,images/EAF9mDIZpbs/009.jpg,제외,"시각 검수 기준 미달: 평범한 구성, 장식 과다, 약한 정보 위계 또는 완성도 부족"
490,images/EAHT0glFU18/006.jpg,제외,"시각 검수 기준 미달: 평범한 구성, 장식 과다, 약한 정보 위계 또는 완성도 부족"
491,images/EAHDI75PlSE/010.jpg,제외,"시각 검수 기준 미달: 평범한 구성, 장식 과다, 약한 정보 위계 또는 완성도 부족"
492,images/EAG7NfXwUPY/010.jpg,제외,"시각 검수 기준 미달: 평범한 구성, 장식 과다, 약한 정보 위계 또는 완성도 부족"
493,images/EAG2Yzju2SQ/007.jpg,제외,"시각 검수 기준 미달: 평범한 구성, 장식 과다, 약한 정보 위계 또는 완성도 부족"
494,images/EAGYO4oIf8w/003.jpg,제외,"시각 검수 기준 미달: 평범한 구성, 장식 과다, 약한 정보 위계 또는 완성도 부족"
495,images/EAG3Tdd_Vqo/005.jpg,제외,"시각 검수 기준 미달: 평범한 구성, 장식 과다, 약한 정보 위계 또는 완성도 부족"
496,images/EAG6uvGyEHE/012.jpg,제외,"시각 검수 기준 미달: 평범한 구성, 장식 과다, 약한 정보 위계 또는 완성도 부족"
497,images/EAHCth824Fw/013.jpg,제외,"시각 검수 기준 미달: 평범한 구성, 장식 과다, 약한 정보 위계 또는 완성도 부족"
498,images/EAHAXhSgjN8/002.jpg,제외,"시각 검수 기준 미달: 평범한 구성, 장식 과다, 약한 정보 위계 또는 완성도 부족"
499,images/EAGYO4oIf8w/004.jpg,제외,"시각 검수 기준 미달: 평범한 구성, 장식 과다, 약한 정보 위계 또는 완성도 부족"
500,images/EAF9mDIZpbs/010.jpg,제외,"시각 검수 기준 미달: 평범한 구성, 장식 과다, 약한 정보 위계 또는 완성도 부족"
501,images/EAHT0glFU18/007.jpg,제외,"시각 검수 기준 미달: 평범한 구성, 장식 과다, 약한 정보 위계 또는 완성도 부족"
502,images/EAG7NfXwUPY/011.jpg,제외,"시각 검수 기준 미달: 평범한 구성, 장식 과다, 약한 정보 위계 또는 완성도 부족"
503,images/EAG2Yzju2SQ/008.jpg,제외,"시각 검수 기준 미달: 평범한 구성, 장식 과다, 약한 정보 위계 또는 완성도 부족"
504,images/EAHCth824Fw/014.jpg,제외,"시각 검수 기준 미달: 평범한 구성, 장식 과다, 약한 정보 위계 또는 완성도 부족"
505,images/EAG3Tdd_Vqo/006.jpg,제외,"시각 검수 기준 미달: 평범한 구성, 장식 과다, 약한 정보 위계 또는 완성도 부족"
506,images/EAF9mDIZpbs/011.jpg,제외,"시각 검수 기준 미달: 평범한 구성, 장식 과다, 약한 정보 위계 또는 완성도 부족"
507,images/EAHT0glFU18/008.jpg,제외,"시각 검수 기준 미달: 평범한 구성, 장식 과다, 약한 정보 위계 또는 완성도 부족"
508,images/EAHT0glFU18/009.jpg,제외,"시각 검수 기준 미달: 평범한 구성, 장식 과다, 약한 정보 위계 또는 완성도 부족"
509,images/EAGwyoF6Bf8/001.jpg,유지,타이포그래피·여백·색상·이미지 구성의 완성도와 차별성 충족
510,images/EAGYO4oIf8w/006.jpg,제외,"시각 검수 기준 미달: 평범한 구성, 장식 과다, 약한 정보 위계 또는 완성도 부족"
511,images/EAGktkkEpbI/002.jpg,제외,"시각 검수 기준 미달: 평범한 구성, 장식 과다, 약한 정보 위계 또는 완성도 부족"
512,images/EAGsNBS1UXM/004.jpg,유지,타이포그래피·여백·색상·이미지 구성의 완성도와 차별성 충족
513,images/EAG2Yzju2SQ/010.jpg,제외,"시각 검수 기준 미달: 평범한 구성, 장식 과다, 약한 정보 위계 또는 완성도 부족"
514,images/EAGYO4oIf8w/007.jpg,제외,"시각 검수 기준 미달: 평범한 구성, 장식 과다, 약한 정보 위계 또는 완성도 부족"
515,images/EAGktkkEpbI/003.jpg,제외,"시각 검수 기준 미달: 평범한 구성, 장식 과다, 약한 정보 위계 또는 완성도 부족"
516,images/EAG2Yzju2SQ/011.jpg,제외,"시각 검수 기준 미달: 평범한 구성, 장식 과다, 약한 정보 위계 또는 완성도 부족"
517,images/EAGsNBS1UXM/005.jpg,제외,"시각 검수 기준 미달: 평범한 구성, 장식 과다, 약한 정보 위계 또는 완성도 부족"
518,images/EAG3Tdd_Vqo/009.jpg,제외,"시각 검수 기준 미달: 평범한 구성, 장식 과다, 약한 정보 위계 또는 완성도 부족"
519,images/EAHT0glFU18/011.jpg,제외,"시각 검수 기준 미달: 평범한 구성, 장식 과다, 약한 정보 위계 또는 완성도 부족"
520,images/EAF9mDIZpbs/014.jpg,제외,"시각 검수 기준 미달: 평범한 구성, 장식 과다, 약한 정보 위계 또는 완성도 부족"
521,images/EAGfYaN1_p4/005.jpg,제외,"시각 검수 기준 미달: 평범한 구성, 장식 과다, 약한 정보 위계 또는 완성도 부족"
522,images/EAG-4BI3pJY/002.jpg,제외,"시각 검수 기준 미달: 평범한 구성, 장식 과다, 약한 정보 위계 또는 완성도 부족"
523,images/EAGoAIfdStg/004.jpg,제외,"시각 검수 기준 미달: 평범한 구성, 장식 과다, 약한 정보 위계 또는 완성도 부족"
524,images/EAGsNBS1UXM/010.jpg,제외,"시각 검수 기준 미달: 평범한 구성, 장식 과다, 약한 정보 위계 또는 완성도 부족"
525,images/EAGfYaN1_p4/006.jpg,제외,"시각 검수 기준 미달: 평범한 구성, 장식 과다, 약한 정보 위계 또는 완성도 부족"
526,images/EAG7NoDeJT8/006.jpg,제외,"시각 검수 기준 미달: 평범한 구성, 장식 과다, 약한 정보 위계 또는 완성도 부족"
527,images/EAHAXhSgjN8/010.jpg,제외,"시각 검수 기준 미달: 평범한 구성, 장식 과다, 약한 정보 위계 또는 완성도 부족"
528,images/EAFpFV2gG3Y/006.jpg,유지,타이포그래피·여백·색상·이미지 구성의 완성도와 차별성 충족
529,images/EAGwyoF6Bf8/008.jpg,제외,"시각 검수 기준 미달: 평범한 구성, 장식 과다, 약한 정보 위계 또는 완성도 부족"
530,images/EAG2AxUt_Sk/002.jpg,제외,"시각 검수 기준 미달: 평범한 구성, 장식 과다, 약한 정보 위계 또는 완성도 부족"
531,images/EAG-4BI3pJY/003.jpg,제외,"시각 검수 기준 미달: 평범한 구성, 장식 과다, 약한 정보 위계 또는 완성도 부족"
532,images/EAGfYaN1_p4/009.jpg,제외,"시각 검수 기준 미달: 평범한 구성, 장식 과다, 약한 정보 위계 또는 완성도 부족"
533,images/EAFpFV2gG3Y/009.jpg,제외,"시각 검수 기준 미달: 평범한 구성, 장식 과다, 약한 정보 위계 또는 완성도 부족"
534,images/EAHAXhSgjN8/012.jpg,제외,"시각 검수 기준 미달: 평범한 구성, 장식 과다, 약한 정보 위계 또는 완성도 부족"
535,images/EAG2AxUt_Sk/005.jpg,제외,"시각 검수 기준 미달: 평범한 구성, 장식 과다, 약한 정보 위계 또는 완성도 부족"
536,images/EAGwyoF6Bf8/010.jpg,제외,"시각 검수 기준 미달: 평범한 구성, 장식 과다, 약한 정보 위계 또는 완성도 부족"
537,images/EAHAXhSgjN8/014.jpg,제외,"시각 검수 기준 미달: 평범한 구성, 장식 과다, 약한 정보 위계 또는 완성도 부족"
538,images/EAGwyoF6Bf8/012.jpg,제외,"시각 검수 기준 미달: 평범한 구성, 장식 과다, 약한 정보 위계 또는 완성도 부족"
539,images/EAG-4BI3pJY/007.jpg,제외,"시각 검수 기준 미달: 평범한 구성, 장식 과다, 약한 정보 위계 또는 완성도 부족"
540,images/EAG1qBInRB0/006.jpg,제외,"시각 검수 기준 미달: 평범한 구성, 장식 과다, 약한 정보 위계 또는 완성도 부족"
541,images/EAG7NoDeJT8/011.jpg,제외,"시각 검수 기준 미달: 평범한 구성, 장식 과다, 약한 정보 위계 또는 완성도 부족"
542,images/EAGktkkEpbI/012.jpg,제외,"시각 검수 기준 미달: 평범한 구성, 장식 과다, 약한 정보 위계 또는 완성도 부족"
543,images/EAGMbDEZvts/007.jpg,제외,"시각 검수 기준 미달: 평범한 구성, 장식 과다, 약한 정보 위계 또는 완성도 부족"
544,images/EAGfYaN1_p4/011.jpg,제외,"시각 검수 기준 미달: 평범한 구성, 장식 과다, 약한 정보 위계 또는 완성도 부족"
545,images/EAFpFV2gG3Y/011.jpg,유지,타이포그래피·여백·색상·이미지 구성의 완성도와 차별성 충족
546,images/EAG2AxUt_Sk/007.jpg,제외,"시각 검수 기준 미달: 평범한 구성, 장식 과다, 약한 정보 위계 또는 완성도 부족"
547,images/EAGoAIfdStg/009.jpg,제외,"시각 검수 기준 미달: 평범한 구성, 장식 과다, 약한 정보 위계 또는 완성도 부족"
548,images/EAGwyoF6Bf8/013.jpg,제외,"시각 검수 기준 미달: 평범한 구성, 장식 과다, 약한 정보 위계 또는 완성도 부족"
549,images/EAG-4BI3pJY/008.jpg,제외,"시각 검수 기준 미달: 평범한 구성, 장식 과다, 약한 정보 위계 또는 완성도 부족"
550,images/EAGMbDEZvts/008.jpg,제외,"시각 검수 기준 미달: 평범한 구성, 장식 과다, 약한 정보 위계 또는 완성도 부족"
551,images/EAG1qBInRB0/007.jpg,제외,"시각 검수 기준 미달: 평범한 구성, 장식 과다, 약한 정보 위계 또는 완성도 부족"
552,images/EAGoAIfdStg/010.jpg,제외,"시각 검수 기준 미달: 평범한 구성, 장식 과다, 약한 정보 위계 또는 완성도 부족"
553,images/EAG-4BI3pJY/009.jpg,제외,"시각 검수 기준 미달: 평범한 구성, 장식 과다, 약한 정보 위계 또는 완성도 부족"
554,images/EAGMbDEZvts/009.jpg,제외,"시각 검수 기준 미달: 평범한 구성, 장식 과다, 약한 정보 위계 또는 완성도 부족"
555,images/EAGwyoF6Bf8/014.jpg,제외,"시각 검수 기준 미달: 평범한 구성, 장식 과다, 약한 정보 위계 또는 완성도 부족"
556,images/EAG2AxUt_Sk/010.jpg,제외,"시각 검수 기준 미달: 평범한 구성, 장식 과다, 약한 정보 위계 또는 완성도 부족"
557,images/EAGoAIfdStg/012.jpg,제외,"시각 검수 기준 미달: 평범한 구성, 장식 과다, 약한 정보 위계 또는 완성도 부족"
558,images/EAHJmTCc_kE/002.jpg,제외,"시각 검수 기준 미달: 평범한 구성, 장식 과다, 약한 정보 위계 또는 완성도 부족"
559,images/EAGMbDEZvts/011.jpg,제외,"시각 검수 기준 미달: 평범한 구성, 장식 과다, 약한 정보 위계 또는 완성도 부족"
560,images/EAFpFV2gG3Y/014.jpg,제외,"시각 검수 기준 미달: 평범한 구성, 장식 과다, 약한 정보 위계 또는 완성도 부족"
561,images/EAGxL5k2Wws/001.jpg,제외,"시각 검수 기준 미달: 평범한 구성, 장식 과다, 약한 정보 위계 또는 완성도 부족"
562,images/EAG1qBInRB0/010.jpg,제외,"시각 검수 기준 미달: 평범한 구성, 장식 과다, 약한 정보 위계 또는 완성도 부족"
563,images/EAGHpw-3Leo/002.jpg,제외,"시각 검수 기준 미달: 평범한 구성, 장식 과다, 약한 정보 위계 또는 완성도 부족"
564,images/EAG1qBInRB0/011.jpg,제외,"시각 검수 기준 미달: 평범한 구성, 장식 과다, 약한 정보 위계 또는 완성도 부족"
565,images/EAGxL5k2Wws/002.jpg,제외,"시각 검수 기준 미달: 평범한 구성, 장식 과다, 약한 정보 위계 또는 완성도 부족"
566,images/EAG6u4rI90U/004.jpg,제외,"시각 검수 기준 미달: 평범한 구성, 장식 과다, 약한 정보 위계 또는 완성도 부족"
567,images/EAHJmTCc_kE/005.jpg,제외,"시각 검수 기준 미달: 평범한 구성, 장식 과다, 약한 정보 위계 또는 완성도 부족"
568,images/EAFP4ZN2I78/001.jpg,유지,타이포그래피·여백·색상·이미지 구성의 완성도와 차별성 충족
569,images/EAGxL5k2Wws/004.jpg,제외,"시각 검수 기준 미달: 평범한 구성, 장식 과다, 약한 정보 위계 또는 완성도 부족"
570,images/EAGwX2VN8ps/002.jpg,제외,"시각 검수 기준 미달: 평범한 구성, 장식 과다, 약한 정보 위계 또는 완성도 부족"
571,images/EAGHpw-3Leo/004.jpg,제외,"시각 검수 기준 미달: 평범한 구성, 장식 과다, 약한 정보 위계 또는 완성도 부족"
572,images/EAG1qBInRB0/014.jpg,제외,"시각 검수 기준 미달: 평범한 구성, 장식 과다, 약한 정보 위계 또는 완성도 부족"
573,images/EAG6u4rI90U/006.jpg,제외,"시각 검수 기준 미달: 평범한 구성, 장식 과다, 약한 정보 위계 또는 완성도 부족"
574,images/EAHJmTCc_kE/007.jpg,제외,"시각 검수 기준 미달: 평범한 구성, 장식 과다, 약한 정보 위계 또는 완성도 부족"
575,images/EAGWdbQfNGQ/004.jpg,제외,"시각 검수 기준 미달: 평범한 구성, 장식 과다, 약한 정보 위계 또는 완성도 부족"
576,images/EAG0RQlQaCI/002.jpg,제외,"시각 검수 기준 미달: 평범한 구성, 장식 과다, 약한 정보 위계 또는 완성도 부족"
577,images/EAGwX2VN8ps/004.jpg,제외,"시각 검수 기준 미달: 평범한 구성, 장식 과다, 약한 정보 위계 또는 완성도 부족"
578,images/EAGxL5k2Wws/006.jpg,제외,"시각 검수 기준 미달: 평범한 구성, 장식 과다, 약한 정보 위계 또는 완성도 부족"
579,images/EAHJmTCc_kE/008.jpg,제외,"시각 검수 기준 미달: 평범한 구성, 장식 과다, 약한 정보 위계 또는 완성도 부족"
580,images/EAG1qBInRB0/015.jpg,제외,"시각 검수 기준 미달: 평범한 구성, 장식 과다, 약한 정보 위계 또는 완성도 부족"
581,images/EAGwX2VN8ps/006.jpg,제외,"시각 검수 기준 미달: 평범한 구성, 장식 과다, 약한 정보 위계 또는 완성도 부족"
582,images/EAG0RQlQaCI/004.jpg,유지,타이포그래피·여백·색상·이미지 구성의 완성도와 차별성 충족
583,images/EAHJmTCc_kE/010.jpg,제외,"시각 검수 기준 미달: 평범한 구성, 장식 과다, 약한 정보 위계 또는 완성도 부족"
584,images/EAGxL5k2Wws/008.jpg,제외,"시각 검수 기준 미달: 평범한 구성, 장식 과다, 약한 정보 위계 또는 완성도 부족"
585,images/EAG6u4rI90U/009.jpg,제외,"시각 검수 기준 미달: 평범한 구성, 장식 과다, 약한 정보 위계 또는 완성도 부족"
586,images/EAGWdbQfNGQ/006.jpg,제외,"시각 검수 기준 미달: 평범한 구성, 장식 과다, 약한 정보 위계 또는 완성도 부족"
587,images/EAGHpw-3Leo/008.jpg,제외,"시각 검수 기준 미달: 평범한 구성, 장식 과다, 약한 정보 위계 또는 완성도 부족"
588,images/EAGwX2VN8ps/007.jpg,제외,"시각 검수 기준 미달: 평범한 구성, 장식 과다, 약한 정보 위계 또는 완성도 부족"
589,images/EAGzz319QcI/001.jpg,유지,타이포그래피·여백·색상·이미지 구성의 완성도와 차별성 충족
590,images/EAHJmTCc_kE/011.jpg,제외,"시각 검수 기준 미달: 평범한 구성, 장식 과다, 약한 정보 위계 또는 완성도 부족"
591,images/EAGxL5k2Wws/009.jpg,제외,"시각 검수 기준 미달: 평범한 구성, 장식 과다, 약한 정보 위계 또는 완성도 부족"
592,images/EAGWdbQfNGQ/007.jpg,제외,"시각 검수 기준 미달: 평범한 구성, 장식 과다, 약한 정보 위계 또는 완성도 부족"
593,images/EAG0RQlQaCI/005.jpg,제외,"시각 검수 기준 미달: 평범한 구성, 장식 과다, 약한 정보 위계 또는 완성도 부족"
594,images/EAGHpw-3Leo/009.jpg,제외,"시각 검수 기준 미달: 평범한 구성, 장식 과다, 약한 정보 위계 또는 완성도 부족"
595,images/EAGwX2VN8ps/008.jpg,제외,"시각 검수 기준 미달: 평범한 구성, 장식 과다, 약한 정보 위계 또는 완성도 부족"
596,images/EAGzz319QcI/002.jpg,제외,"시각 검수 기준 미달: 평범한 구성, 장식 과다, 약한 정보 위계 또는 완성도 부족"
597,images/EAGWdbQfNGQ/008.jpg,제외,"시각 검수 기준 미달: 평범한 구성, 장식 과다, 약한 정보 위계 또는 완성도 부족"
598,images/EAGxL5k2Wws/010.jpg,제외,"시각 검수 기준 미달: 평범한 구성, 장식 과다, 약한 정보 위계 또는 완성도 부족"
599,images/EAGwX2VN8ps/009.jpg,제외,"시각 검수 기준 미달: 평범한 구성, 장식 과다, 약한 정보 위계 또는 완성도 부족"
600,images/EAGHpw-3Leo/010.jpg,제외,"시각 검수 기준 미달: 평범한 구성, 장식 과다, 약한 정보 위계 또는 완성도 부족"
601,images/EAG6u4rI90U/011.jpg,제외,"시각 검수 기준 미달: 평범한 구성, 장식 과다, 약한 정보 위계 또는 완성도 부족"
602,images/EAG0RQlQaCI/006.jpg,유지,타이포그래피·여백·색상·이미지 구성의 완성도와 차별성 충족
603,images/EAGWdbQfNGQ/009.jpg,제외,"시각 검수 기준 미달: 평범한 구성, 장식 과다, 약한 정보 위계 또는 완성도 부족"
604,images/EAGzz319QcI/003.jpg,유지,타이포그래피·여백·색상·이미지 구성의 완성도와 차별성 충족
605,images/EAGwX2VN8ps/011.jpg,제외,"시각 검수 기준 미달: 평범한 구성, 장식 과다, 약한 정보 위계 또는 완성도 부족"
606,images/EAG6u4rI90U/013.jpg,제외,"시각 검수 기준 미달: 평범한 구성, 장식 과다, 약한 정보 위계 또는 완성도 부족"
607,images/EAGip4E3q9I/001.jpg,제외,"시각 검수 기준 미달: 평범한 구성, 장식 과다, 약한 정보 위계 또는 완성도 부족"
608,images/EAG1He7VsOE/002.jpg,제외,"시각 검수 기준 미달: 평범한 구성, 장식 과다, 약한 정보 위계 또는 완성도 부족"
609,images/EAHL93DT5Hk/001.jpg,제외,"시각 검수 기준 미달: 평범한 구성, 장식 과다, 약한 정보 위계 또는 완성도 부족"
610,images/EAG2wrs7dhI/002.jpg,제외,"시각 검수 기준 미달: 평범한 구성, 장식 과다, 약한 정보 위계 또는 완성도 부족"
611,images/EAGzz319QcI/007.jpg,유지,타이포그래피·여백·색상·이미지 구성의 완성도와 차별성 충족
612,images/EAGzNr6MIYk/004.jpg,제외,"시각 검수 기준 미달: 평범한 구성, 장식 과다, 약한 정보 위계 또는 완성도 부족"
613,images/EAG0RQlQaCI/010.jpg,제외,"시각 검수 기준 미달: 평범한 구성, 장식 과다, 약한 정보 위계 또는 완성도 부족"
614,images/EAG6u4rI90U/015.jpg,제외,"시각 검수 기준 미달: 평범한 구성, 장식 과다, 약한 정보 위계 또는 완성도 부족"
615,images/EAGip4E3q9I/002.jpg,제외,"시각 검수 기준 미달: 평범한 구성, 장식 과다, 약한 정보 위계 또는 완성도 부족"
616,images/EAHL93DT5Hk/002.jpg,제외,"시각 검수 기준 미달: 평범한 구성, 장식 과다, 약한 정보 위계 또는 완성도 부족"
617,images/EAG2wrs7dhI/003.jpg,제외,"시각 검수 기준 미달: 평범한 구성, 장식 과다, 약한 정보 위계 또는 완성도 부족"
618,images/EAG0RQlQaCI/011.jpg,제외,"시각 검수 기준 미달: 평범한 구성, 장식 과다, 약한 정보 위계 또는 완성도 부족"
619,images/EAHL93DT5Hk/003.jpg,제외,"시각 검수 기준 미달: 평범한 구성, 장식 과다, 약한 정보 위계 또는 완성도 부족"
620,images/EAGzNr6MIYk/005.jpg,제외,"시각 검수 기준 미달: 평범한 구성, 장식 과다, 약한 정보 위계 또는 완성도 부족"
621,images/EAGip4E3q9I/003.jpg,제외,"시각 검수 기준 미달: 평범한 구성, 장식 과다, 약한 정보 위계 또는 완성도 부족"
622,images/EAG6u4rI90U/016.jpg,제외,"시각 검수 기준 미달: 평범한 구성, 장식 과다, 약한 정보 위계 또는 완성도 부족"
623,images/EAGzz319QcI/008.jpg,유지,타이포그래피·여백·색상·이미지 구성의 완성도와 차별성 충족
624,images/EAG2wrs7dhI/004.jpg,제외,"시각 검수 기준 미달: 평범한 구성, 장식 과다, 약한 정보 위계 또는 완성도 부족"
625,images/EAG0RQlQaCI/012.jpg,제외,"시각 검수 기준 미달: 평범한 구성, 장식 과다, 약한 정보 위계 또는 완성도 부족"
626,images/EAGzNr6MIYk/006.jpg,제외,"시각 검수 기준 미달: 평범한 구성, 장식 과다, 약한 정보 위계 또는 완성도 부족"
627,images/EAGip4E3q9I/004.jpg,제외,"시각 검수 기준 미달: 평범한 구성, 장식 과다, 약한 정보 위계 또는 완성도 부족"
628,images/EAGzz319QcI/009.jpg,제외,"시각 검수 기준 미달: 평범한 구성, 장식 과다, 약한 정보 위계 또는 완성도 부족"
629,images/EAG2wrs7dhI/005.jpg,제외,"시각 검수 기준 미달: 평범한 구성, 장식 과다, 약한 정보 위계 또는 완성도 부족"
630,images/EAG1He7VsOE/005.jpg,제외,"시각 검수 기준 미달: 평범한 구성, 장식 과다, 약한 정보 위계 또는 완성도 부족"
631,images/EAG1He7VsOE/006.jpg,제외,"시각 검수 기준 미달: 평범한 구성, 장식 과다, 약한 정보 위계 또는 완성도 부족"
632,images/EAGzz319QcI/010.jpg,제외,"시각 검수 기준 미달: 평범한 구성, 장식 과다, 약한 정보 위계 또는 완성도 부족"
633,images/EAGip4E3q9I/005.jpg,제외,"시각 검수 기준 미달: 평범한 구성, 장식 과다, 약한 정보 위계 또는 완성도 부족"
634,images/EAGzz319QcI/012.jpg,제외,"시각 검수 기준 미달: 평범한 구성, 장식 과다, 약한 정보 위계 또는 완성도 부족"
635,images/EAG2wrs7dhI/009.jpg,제외,"시각 검수 기준 미달: 평범한 구성, 장식 과다, 약한 정보 위계 또는 완성도 부족"
636,images/EAGzNr6MIYk/009.jpg,제외,"시각 검수 기준 미달: 평범한 구성, 장식 과다, 약한 정보 위계 또는 완성도 부족"
637,images/EAGip4E3q9I/008.jpg,제외,"시각 검수 기준 미달: 평범한 구성, 장식 과다, 약한 정보 위계 또는 완성도 부족"
638,images/EAHL93DT5Hk/007.jpg,제외,"시각 검수 기준 미달: 평범한 구성, 장식 과다, 약한 정보 위계 또는 완성도 부족"
639,images/EAF993PgcPE/003.jpg,제외,"시각 검수 기준 미달: 평범한 구성, 장식 과다, 약한 정보 위계 또는 완성도 부족"
640,images/EAHKSBjqQfg/004.jpg,제외,"시각 검수 기준 미달: 평범한 구성, 장식 과다, 약한 정보 위계 또는 완성도 부족"
641,images/EAGzNr6MIYk/012.jpg,제외,"시각 검수 기준 미달: 평범한 구성, 장식 과다, 약한 정보 위계 또는 완성도 부족"
642,images/EAHL93DT5Hk/009.jpg,제외,"시각 검수 기준 미달: 평범한 구성, 장식 과다, 약한 정보 위계 또는 완성도 부족"
643,images/EAF993PgcPE/005.jpg,제외,"시각 검수 기준 미달: 평범한 구성, 장식 과다, 약한 정보 위계 또는 완성도 부족"
644,images/EAHKSBjqQfg/007.jpg,제외,"시각 검수 기준 미달: 평범한 구성, 장식 과다, 약한 정보 위계 또는 완성도 부족"
645,images/EAG1He7VsOE/014.jpg,제외,"시각 검수 기준 미달: 평범한 구성, 장식 과다, 약한 정보 위계 또는 완성도 부족"
646,images/EAF993PgcPE/008.jpg,제외,"시각 검수 기준 미달: 평범한 구성, 장식 과다, 약한 정보 위계 또는 완성도 부족"
647,images/EAGoqD1USXM/003.jpg,제외,"시각 검수 기준 미달: 평범한 구성, 장식 과다, 약한 정보 위계 또는 완성도 부족"
648,images/EAG7tSXZBjc/004.jpg,제외,"시각 검수 기준 미달: 평범한 구성, 장식 과다, 약한 정보 위계 또는 완성도 부족"
649,images/EAF993PgcPE/009.jpg,제외,"시각 검수 기준 미달: 평범한 구성, 장식 과다, 약한 정보 위계 또는 완성도 부족"
650,images/EAHKSBjqQfg/008.jpg,제외,"시각 검수 기준 미달: 평범한 구성, 장식 과다, 약한 정보 위계 또는 완성도 부족"
651,images/EAGkcAKFsNg/002.jpg,유지,타이포그래피·여백·색상·이미지 구성의 완성도와 차별성 충족
652,images/EAHKSBjqQfg/012.jpg,제외,"시각 검수 기준 미달: 평범한 구성, 장식 과다, 약한 정보 위계 또는 완성도 부족"
653,images/EAGoqD1USXM/009.jpg,제외,"시각 검수 기준 미달: 평범한 구성, 장식 과다, 약한 정보 위계 또는 완성도 부족"
654,images/EAGsl5mMeAM/006.jpg,제외,"시각 검수 기준 미달: 평범한 구성, 장식 과다, 약한 정보 위계 또는 완성도 부족"
655,images/EAGkcAKFsNg/005.jpg,유지,타이포그래피·여백·색상·이미지 구성의 완성도와 차별성 충족
656,images/EAF993PgcPE/014.jpg,제외,"시각 검수 기준 미달: 평범한 구성, 장식 과다, 약한 정보 위계 또는 완성도 부족"
657,images/EAG7tSXZBjc/009.jpg,제외,"시각 검수 기준 미달: 평범한 구성, 장식 과다, 약한 정보 위계 또는 완성도 부족"
658,images/EAGkJCKJbdY/004.jpg,제외,"시각 검수 기준 미달: 평범한 구성, 장식 과다, 약한 정보 위계 또는 완성도 부족"
659,images/EAGkcAKFsNg/006.jpg,유지,타이포그래피·여백·색상·이미지 구성의 완성도와 차별성 충족
660,images/EAGsl5mMeAM/007.jpg,제외,"시각 검수 기준 미달: 평범한 구성, 장식 과다, 약한 정보 위계 또는 완성도 부족"
661,images/EAGoqD1USXM/010.jpg,제외,"시각 검수 기준 미달: 평범한 구성, 장식 과다, 약한 정보 위계 또는 완성도 부족"
662,images/EAG7tSXZBjc/010.jpg,제외,"시각 검수 기준 미달: 평범한 구성, 장식 과다, 약한 정보 위계 또는 완성도 부족"
663,images/EAGkJCKJbdY/005.jpg,유지,타이포그래피·여백·색상·이미지 구성의 완성도와 차별성 충족
664,images/EAF993PgcPE/015.jpg,제외,"시각 검수 기준 미달: 평범한 구성, 장식 과다, 약한 정보 위계 또는 완성도 부족"
665,images/EAHKSBjqQfg/013.jpg,제외,"시각 검수 기준 미달: 평범한 구성, 장식 과다, 약한 정보 위계 또는 완성도 부족"
666,images/EAGsl5mMeAM/008.jpg,유지,타이포그래피·여백·색상·이미지 구성의 완성도와 차별성 충족
667,images/EAGkcAKFsNg/007.jpg,유지,타이포그래피·여백·색상·이미지 구성의 완성도와 차별성 충족
668,images/EAG7tSXZBjc/011.jpg,유지,타이포그래피·여백·색상·이미지 구성의 완성도와 차별성 충족
669,images/EAGkJCKJbdY/006.jpg,유지,타이포그래피·여백·색상·이미지 구성의 완성도와 차별성 충족
670,images/EAHKSBjqQfg/014.jpg,제외,"시각 검수 기준 미달: 평범한 구성, 장식 과다, 약한 정보 위계 또는 완성도 부족"
671,images/EAGoqD1USXM/011.jpg,제외,"시각 검수 기준 미달: 평범한 구성, 장식 과다, 약한 정보 위계 또는 완성도 부족"
672,images/EAGsl5mMeAM/009.jpg,제외,"시각 검수 기준 미달: 평범한 구성, 장식 과다, 약한 정보 위계 또는 완성도 부족"
673,images/EAGkcAKFsNg/008.jpg,유지,타이포그래피·여백·색상·이미지 구성의 완성도와 차별성 충족
674,images/EAG7tSXZBjc/012.jpg,제외,"시각 검수 기준 미달: 평범한 구성, 장식 과다, 약한 정보 위계 또는 완성도 부족"
675,images/EAGoqD1USXM/012.jpg,제외,"시각 검수 기준 미달: 평범한 구성, 장식 과다, 약한 정보 위계 또는 완성도 부족"
676,images/EAGsl5mMeAM/011.jpg,제외,"시각 검수 기준 미달: 평범한 구성, 장식 과다, 약한 정보 위계 또는 완성도 부족"
677,images/EAFivVmzbB0/001.jpg,제외,"시각 검수 기준 미달: 평범한 구성, 장식 과다, 약한 정보 위계 또는 완성도 부족"
678,images/EAGkcAKFsNg/010.jpg,유지,타이포그래피·여백·색상·이미지 구성의 완성도와 차별성 충족
679,images/EAGkJCKJbdY/009.jpg,유지,타이포그래피·여백·색상·이미지 구성의 완성도와 차별성 충족
680,images/EAG97GLNweE/001.jpg,유지,타이포그래피·여백·색상·이미지 구성의 완성도와 차별성 충족
681,images/EAGsl5mMeAM/012.jpg,제외,"시각 검수 기준 미달: 평범한 구성, 장식 과다, 약한 정보 위계 또는 완성도 부족"
682,images/EAFivVmzbB0/002.jpg,제외,"시각 검수 기준 미달: 평범한 구성, 장식 과다, 약한 정보 위계 또는 완성도 부족"
683,images/EAHHwvWAI0c/001.jpg,제외,"시각 검수 기준 미달: 평범한 구성, 장식 과다, 약한 정보 위계 또는 완성도 부족"
684,images/EAG97GLNweE/002.jpg,유지,타이포그래피·여백·색상·이미지 구성의 완성도와 차별성 충족
685,images/EAGkJCKJbdY/010.jpg,유지,타이포그래피·여백·색상·이미지 구성의 완성도와 차별성 충족
686,images/EAGnGfppRx8/003.jpg,제외,"시각 검수 기준 미달: 평범한 구성, 장식 과다, 약한 정보 위계 또는 완성도 부족"
687,images/EAHHwvWAI0c/004.jpg,제외,"시각 검수 기준 미달: 평범한 구성, 장식 과다, 약한 정보 위계 또는 완성도 부족"
688,images/EAGkJCKJbdY/012.jpg,유지,타이포그래피·여백·색상·이미지 구성의 완성도와 차별성 충족
689,images/EAG_LqqKm4k/002.jpg,제외,"시각 검수 기준 미달: 평범한 구성, 장식 과다, 약한 정보 위계 또는 완성도 부족"
690,images/EAFivVmzbB0/005.jpg,제외,"시각 검수 기준 미달: 평범한 구성, 장식 과다, 약한 정보 위계 또는 완성도 부족"
691,images/EAGnGfppRx8/004.jpg,제외,"시각 검수 기준 미달: 평범한 구성, 장식 과다, 약한 정보 위계 또는 완성도 부족"
692,images/EAGgN0-2F-M/002.jpg,제외,"시각 검수 기준 미달: 평범한 구성, 장식 과다, 약한 정보 위계 또는 완성도 부족"
693,images/EAG97GLNweE/005.jpg,제외,"시각 검수 기준 미달: 평범한 구성, 장식 과다, 약한 정보 위계 또는 완성도 부족"
694,images/EAG_LqqKm4k/003.jpg,제외,"시각 검수 기준 미달: 평범한 구성, 장식 과다, 약한 정보 위계 또는 완성도 부족"
695,images/EAFivVmzbB0/006.jpg,제외,"시각 검수 기준 미달: 평범한 구성, 장식 과다, 약한 정보 위계 또는 완성도 부족"
696,images/EAGgN0-2F-M/003.jpg,제외,"시각 검수 기준 미달: 평범한 구성, 장식 과다, 약한 정보 위계 또는 완성도 부족"
697,images/EAHHwvWAI0c/005.jpg,제외,"시각 검수 기준 미달: 평범한 구성, 장식 과다, 약한 정보 위계 또는 완성도 부족"
698,images/EAG97GLNweE/006.jpg,제외,"시각 검수 기준 미달: 평범한 구성, 장식 과다, 약한 정보 위계 또는 완성도 부족"
699,images/EAGnGfppRx8/005.jpg,제외,"시각 검수 기준 미달: 평범한 구성, 장식 과다, 약한 정보 위계 또는 완성도 부족"
700,images/EAG_LqqKm4k/004.jpg,제외,"시각 검수 기준 미달: 평범한 구성, 장식 과다, 약한 정보 위계 또는 완성도 부족"
701,images/EAGgN0-2F-M/006.jpg,제외,"시각 검수 기준 미달: 평범한 구성, 장식 과다, 약한 정보 위계 또는 완성도 부족"
702,images/EAFivVmzbB0/009.jpg,제외,"시각 검수 기준 미달: 평범한 구성, 장식 과다, 약한 정보 위계 또는 완성도 부족"
703,images/EAHHwvWAI0c/008.jpg,제외,"시각 검수 기준 미달: 평범한 구성, 장식 과다, 약한 정보 위계 또는 완성도 부족"
704,images/EAGnGfppRx8/009.jpg,제외,"시각 검수 기준 미달: 평범한 구성, 장식 과다, 약한 정보 위계 또는 완성도 부족"
705,images/EAFivVmzbB0/011.jpg,제외,"시각 검수 기준 미달: 평범한 구성, 장식 과다, 약한 정보 위계 또는 완성도 부족"
706,images/EAGnGfppRx8/010.jpg,제외,"시각 검수 기준 미달: 평범한 구성, 장식 과다, 약한 정보 위계 또는 완성도 부족"
707,images/EAFivVmzbB0/012.jpg,제외,"시각 검수 기준 미달: 평범한 구성, 장식 과다, 약한 정보 위계 또는 완성도 부족"
708,images/EAGnGfppRx8/011.jpg,제외,"시각 검수 기준 미달: 평범한 구성, 장식 과다, 약한 정보 위계 또는 완성도 부족"
709,images/EAFivVmzbB0/013.jpg,제외,"시각 검수 기준 미달: 평범한 구성, 장식 과다, 약한 정보 위계 또는 완성도 부족"
710,images/EAGnGfppRx8/012.jpg,제외,"시각 검수 기준 미달: 평범한 구성, 장식 과다, 약한 정보 위계 또는 완성도 부족"
711,images/EAFivVmzbB0/014.jpg,제외,"시각 검수 기준 미달: 평범한 구성, 장식 과다, 약한 정보 위계 또는 완성도 부족"
712,images/EAFivVmzbB0/015.jpg,제외,"시각 검수 기준 미달: 평범한 구성, 장식 과다, 약한 정보 위계 또는 완성도 부족"
713,images/EAFivVmzbB0/016.jpg,제외,"시각 검수 기준 미달: 평범한 구성, 장식 과다, 약한 정보 위계 또는 완성도 부족"
714,images/EAFivVmzbB0/017.jpg,제외,"시각 검수 기준 미달: 평범한 구성, 장식 과다, 약한 정보 위계 또는 완성도 부족"
715,images/EAGmrgwg2QM/002.jpg,유지,타이포그래피·여백·색상·이미지 구성의 완성도와 차별성 충족
716,images/EAGmrgwg2QM/003.jpg,유지,타이포그래피·여백·색상·이미지 구성의 완성도와 차별성 충족
717,images/EAGZo9mChpo/005.jpg,제외,"시각 검수 기준 미달: 평범한 구성, 장식 과다, 약한 정보 위계 또는 완성도 부족"
718,images/EAGmrgwg2QM/007.jpg,유지,타이포그래피·여백·색상·이미지 구성의 완성도와 차별성 충족
719,images/EAGZo9mChpo/006.jpg,제외,"시각 검수 기준 미달: 평범한 구성, 장식 과다, 약한 정보 위계 또는 완성도 부족"
720,images/EAGmrgwg2QM/008.jpg,유지,타이포그래피·여백·색상·이미지 구성의 완성도와 차별성 충족
721,images/EAGZo9mChpo/007.jpg,제외,"시각 검수 기준 미달: 평범한 구성, 장식 과다, 약한 정보 위계 또는 완성도 부족"
722,images/EAGmrgwg2QM/009.jpg,제외,"시각 검수 기준 미달: 평범한 구성, 장식 과다, 약한 정보 위계 또는 완성도 부족"
723,images/EAGZo9mChpo/008.jpg,제외,"시각 검수 기준 미달: 평범한 구성, 장식 과다, 약한 정보 위계 또는 완성도 부족"
724,images/EAGmrgwg2QM/010.jpg,제외,"시각 검수 기준 미달: 평범한 구성, 장식 과다, 약한 정보 위계 또는 완성도 부족"
725,images/EAFQH0-WIGA/019.jpg,제외,"시각 검수 기준 미달: 평범한 구성, 장식 과다, 약한 정보 위계 또는 완성도 부족"
726,images/EAFxxYcMMDI/003.jpg,제외,"시각 검수 기준 미달: 평범한 구성, 장식 과다, 약한 정보 위계 또는 완성도 부족"
727,images/EAHHwvWAI0c/011.jpg,제외,"시각 검수 기준 미달: 평범한 구성, 장식 과다, 약한 정보 위계 또는 완성도 부족"
728,images/EAFxxYcMMDI/004.jpg,제외,"시각 검수 기준 미달: 평범한 구성, 장식 과다, 약한 정보 위계 또는 완성도 부족"
729,images/EAHHwvWAI0c/012.jpg,제외,"시각 검수 기준 미달: 평범한 구성, 장식 과다, 약한 정보 위계 또는 완성도 부족"
730,images/EAFxxYcMMDI/005.jpg,제외,"시각 검수 기준 미달: 평범한 구성, 장식 과다, 약한 정보 위계 또는 완성도 부족"
731,images/EAFxxYcMMDI/008.jpg,제외,"시각 검수 기준 미달: 평범한 구성, 장식 과다, 약한 정보 위계 또는 완성도 부족"
732,images/EAHHwvWAI0c/015.jpg,제외,"시각 검수 기준 미달: 평범한 구성, 장식 과다, 약한 정보 위계 또는 완성도 부족"
733,images/EAFxxYcMMDI/009.jpg,제외,"시각 검수 기준 미달: 평범한 구성, 장식 과다, 약한 정보 위계 또는 완성도 부족"
734,images/EAHHwvWAI0c/016.jpg,제외,"시각 검수 기준 미달: 평범한 구성, 장식 과다, 약한 정보 위계 또는 완성도 부족"
735,images/EAFxxYcMMDI/010.jpg,제외,"시각 검수 기준 미달: 평범한 구성, 장식 과다, 약한 정보 위계 또는 완성도 부족"
736,images/EAG_LqqKm4k/008.jpg,제외,"시각 검수 기준 미달: 평범한 구성, 장식 과다, 약한 정보 위계 또는 완성도 부족"
737,images/EAGgN0-2F-M/008.jpg,제외,"시각 검수 기준 미달: 평범한 구성, 장식 과다, 약한 정보 위계 또는 완성도 부족"
738,images/EAG_LqqKm4k/009.jpg,제외,"시각 검수 기준 미달: 평범한 구성, 장식 과다, 약한 정보 위계 또는 완성도 부족"
739,images/EAGgN0-2F-M/009.jpg,제외,"시각 검수 기준 미달: 평범한 구성, 장식 과다, 약한 정보 위계 또는 완성도 부족"
740,images/EAHBQksU0AY/002.jpg,유지,타이포그래피·여백·색상·이미지 구성의 완성도와 차별성 충족
741,images/EAG7qdqb7Fg/002.jpg,제외,"시각 검수 기준 미달: 평범한 구성, 장식 과다, 약한 정보 위계 또는 완성도 부족"
742,images/EAHBQksU0AY/006.jpg,유지,타이포그래피·여백·색상·이미지 구성의 완성도와 차별성 충족
743,images/EAHBQksU0AY/007.jpg,유지,타이포그래피·여백·색상·이미지 구성의 완성도와 차별성 충족
744,images/EAG7qdqb7Fg/003.jpg,제외,"시각 검수 기준 미달: 평범한 구성, 장식 과다, 약한 정보 위계 또는 완성도 부족"
745,images/EAGpAE6UKB0/001.jpg,유지,타이포그래피·여백·색상·이미지 구성의 완성도와 차별성 충족
746,images/EAHI4P9PD6M/001.jpg,유지,타이포그래피·여백·색상·이미지 구성의 완성도와 차별성 충족
747,images/EAG0Iy0MWJU/001.jpg,제외,"시각 검수 기준 미달: 평범한 구성, 장식 과다, 약한 정보 위계 또는 완성도 부족"
748,images/EAGpAE6UKB0/002.jpg,유지,타이포그래피·여백·색상·이미지 구성의 완성도와 차별성 충족
749,images/EAG7qdqb7Fg/004.jpg,제외,"시각 검수 기준 미달: 평범한 구성, 장식 과다, 약한 정보 위계 또는 완성도 부족"
750,images/EAHBQksU0AY/009.jpg,유지,타이포그래피·여백·색상·이미지 구성의 완성도와 차별성 충족
751,images/EAG0Iy0MWJU/002.jpg,제외,"시각 검수 기준 미달: 평범한 구성, 장식 과다, 약한 정보 위계 또는 완성도 부족"
752,images/EAHBQksU0AY/010.jpg,유지,타이포그래피·여백·색상·이미지 구성의 완성도와 차별성 충족
753,images/EAG0Iy0MWJU/004.jpg,제외,"시각 검수 기준 미달: 평범한 구성, 장식 과다, 약한 정보 위계 또는 완성도 부족"
754,images/EAGpAE6UKB0/005.jpg,유지,타이포그래피·여백·색상·이미지 구성의 완성도와 차별성 충족
755,images/EAHBQksU0AY/011.jpg,유지,타이포그래피·여백·색상·이미지 구성의 완성도와 차별성 충족
756,images/EAG7qdqb7Fg/008.jpg,제외,"시각 검수 기준 미달: 평범한 구성, 장식 과다, 약한 정보 위계 또는 완성도 부족"
757,images/EAHI4P9PD6M/006.jpg,유지,타이포그래피·여백·색상·이미지 구성의 완성도와 차별성 충족
758,images/EAG0Iy0MWJU/005.jpg,제외,"시각 검수 기준 미달: 평범한 구성, 장식 과다, 약한 정보 위계 또는 완성도 부족"
759,images/EAG7qdqb7Fg/009.jpg,제외,"시각 검수 기준 미달: 평범한 구성, 장식 과다, 약한 정보 위계 또는 완성도 부족"
760,images/EAHBQksU0AY/012.jpg,유지,타이포그래피·여백·색상·이미지 구성의 완성도와 차별성 충족
761,images/EAHI4P9PD6M/007.jpg,제외,"시각 검수 기준 미달: 평범한 구성, 장식 과다, 약한 정보 위계 또는 완성도 부족"
762,images/EAG0Iy0MWJU/006.jpg,제외,"시각 검수 기준 미달: 평범한 구성, 장식 과다, 약한 정보 위계 또는 완성도 부족"
763,images/EAGpAE6UKB0/007.jpg,제외,"시각 검수 기준 미달: 평범한 구성, 장식 과다, 약한 정보 위계 또는 완성도 부족"
764,images/EAG0Iy0MWJU/008.jpg,제외,"시각 검수 기준 미달: 평범한 구성, 장식 과다, 약한 정보 위계 또는 완성도 부족"
765,images/EAF9mNbvalY/001.jpg,유지,타이포그래피·여백·색상·이미지 구성의 완성도와 차별성 충족
766,images/EAF9mNbvalY/004.jpg,제외,"시각 검수 기준 미달: 평범한 구성, 장식 과다, 약한 정보 위계 또는 완성도 부족"
767,images/EAG6umbXr3o/002.jpg,유지,타이포그래피·여백·색상·이미지 구성의 완성도와 차별성 충족
768,images/EAG6umbXr3o/003.jpg,제외,"시각 검수 기준 미달: 평범한 구성, 장식 과다, 약한 정보 위계 또는 완성도 부족"
769,images/EAG6umbXr3o/004.jpg,유지,타이포그래피·여백·색상·이미지 구성의 완성도와 차별성 충족
770,images/EAG0Iy0MWJU/014.jpg,제외,"시각 검수 기준 미달: 평범한 구성, 장식 과다, 약한 정보 위계 또는 완성도 부족"
771,images/EAF9mNbvalY/008.jpg,제외,"시각 검수 기준 미달: 평범한 구성, 장식 과다, 약한 정보 위계 또는 완성도 부족"
772,images/EAG176urNRs/008.jpg,제외,"시각 검수 기준 미달: 평범한 구성, 장식 과다, 약한 정보 위계 또는 완성도 부족"
773,images/EAG6umbXr3o/009.jpg,유지,타이포그래피·여백·색상·이미지 구성의 완성도와 차별성 충족
774,images/EAG6umbXr3o/010.jpg,제외,"시각 검수 기준 미달: 평범한 구성, 장식 과다, 약한 정보 위계 또는 완성도 부족"
775,images/EAG176urNRs/010.jpg,제외,"시각 검수 기준 미달: 평범한 구성, 장식 과다, 약한 정보 위계 또는 완성도 부족"
776,images/EAGmb9eap1s/003.jpg,제외,"시각 검수 기준 미달: 평범한 구성, 장식 과다, 약한 정보 위계 또는 완성도 부족"
777,images/EAF9mNbvalY/012.jpg,제외,"시각 검수 기준 미달: 평범한 구성, 장식 과다, 약한 정보 위계 또는 완성도 부족"
778,images/EAGbBmUtvUo/004.jpg,유지,타이포그래피·여백·색상·이미지 구성의 완성도와 차별성 충족
779,images/EAGqSP5nZLM/001.jpg,제외,"시각 검수 기준 미달: 평범한 구성, 장식 과다, 약한 정보 위계 또는 완성도 부족"
780,images/EAGmb9eap1s/004.jpg,제외,"시각 검수 기준 미달: 평범한 구성, 장식 과다, 약한 정보 위계 또는 완성도 부족"
781,images/EAGqSP5nZLM/002.jpg,제외,"시각 검수 기준 미달: 평범한 구성, 장식 과다, 약한 정보 위계 또는 완성도 부족"
782,images/EAGbBmUtvUo/005.jpg,제외,"시각 검수 기준 미달: 평범한 구성, 장식 과다, 약한 정보 위계 또는 완성도 부족"
783,images/EAF9mNbvalY/013.jpg,제외,"시각 검수 기준 미달: 평범한 구성, 장식 과다, 약한 정보 위계 또는 완성도 부족"
784,images/EAGmb9eap1s/005.jpg,제외,"시각 검수 기준 미달: 평범한 구성, 장식 과다, 약한 정보 위계 또는 완성도 부족"
785,images/EAF9mNbvalY/014.jpg,제외,"시각 검수 기준 미달: 평범한 구성, 장식 과다, 약한 정보 위계 또는 완성도 부족"
786,images/EAGqSP5nZLM/003.jpg,제외,"시각 검수 기준 미달: 평범한 구성, 장식 과다, 약한 정보 위계 또는 완성도 부족"
787,images/EAGbBmUtvUo/006.jpg,유지,타이포그래피·여백·색상·이미지 구성의 완성도와 차별성 충족
788,images/EADyrW1IbLU/001.jpg,유지,타이포그래피·여백·색상·이미지 구성의 완성도와 차별성 충족
789,images/EAGmb9eap1s/006.jpg,제외,"시각 검수 기준 미달: 평범한 구성, 장식 과다, 약한 정보 위계 또는 완성도 부족"
790,images/EAGqSP5nZLM/004.jpg,제외,"시각 검수 기준 미달: 평범한 구성, 장식 과다, 약한 정보 위계 또는 완성도 부족"
791,images/EADyrW1IbLU/003.jpg,제외,"시각 검수 기준 미달: 평범한 구성, 장식 과다, 약한 정보 위계 또는 완성도 부족"
792,images/EAHD14mNxRA/003.jpg,유지,타이포그래피·여백·색상·이미지 구성의 완성도와 차별성 충족
793,images/EAGqSP5nZLM/008.jpg,제외,"시각 검수 기준 미달: 평범한 구성, 장식 과다, 약한 정보 위계 또는 완성도 부족"
794,images/EADyrW1IbLU/005.jpg,제외,"시각 검수 기준 미달: 평범한 구성, 장식 과다, 약한 정보 위계 또는 완성도 부족"
795,images/EADyrW1IbLU/006.jpg,제외,"시각 검수 기준 미달: 평범한 구성, 장식 과다, 약한 정보 위계 또는 완성도 부족"
796,images/EAGqSP5nZLM/009.jpg,제외,"시각 검수 기준 미달: 평범한 구성, 장식 과다, 약한 정보 위계 또는 완성도 부족"
797,images/EAGS9x22Ckg/001.jpg,유지,타이포그래피·여백·색상·이미지 구성의 완성도와 차별성 충족
798,images/EADyrW1IbLU/007.jpg,유지,타이포그래피·여백·색상·이미지 구성의 완성도와 차별성 충족
799,images/EAGinM_oFu0/001.jpg,유지,타이포그래피·여백·색상·이미지 구성의 완성도와 차별성 충족
800,images/EAHD14mNxRA/005.jpg,유지,타이포그래피·여백·색상·이미지 구성의 완성도와 차별성 충족
801,images/EAGqSP5nZLM/010.jpg,제외,"시각 검수 기준 미달: 평범한 구성, 장식 과다, 약한 정보 위계 또는 완성도 부족"
802,images/EAGS9x22Ckg/002.jpg,제외,"시각 검수 기준 미달: 평범한 구성, 장식 과다, 약한 정보 위계 또는 완성도 부족"
803,images/EAGuqYb_EQc/002.jpg,제외,"시각 검수 기준 미달: 평범한 구성, 장식 과다, 약한 정보 위계 또는 완성도 부족"
804,images/EADyrW1IbLU/008.jpg,제외,"시각 검수 기준 미달: 평범한 구성, 장식 과다, 약한 정보 위계 또는 완성도 부족"
805,images/EAGinM_oFu0/002.jpg,유지,타이포그래피·여백·색상·이미지 구성의 완성도와 차별성 충족
806,images/EAHD14mNxRA/006.jpg,유지,타이포그래피·여백·색상·이미지 구성의 완성도와 차별성 충족
807,images/EAGS9x22Ckg/003.jpg,제외,"시각 검수 기준 미달: 평범한 구성, 장식 과다, 약한 정보 위계 또는 완성도 부족"
808,images/EAGuqYb_EQc/003.jpg,제외,"시각 검수 기준 미달: 평범한 구성, 장식 과다, 약한 정보 위계 또는 완성도 부족"
809,images/EAGinM_oFu0/003.jpg,유지,타이포그래피·여백·색상·이미지 구성의 완성도와 차별성 충족
810,images/EADyrW1IbLU/009.jpg,제외,"시각 검수 기준 미달: 평범한 구성, 장식 과다, 약한 정보 위계 또는 완성도 부족"
811,images/EAGS9x22Ckg/004.jpg,제외,"시각 검수 기준 미달: 평범한 구성, 장식 과다, 약한 정보 위계 또는 완성도 부족"
812,images/EAHD14mNxRA/007.jpg,유지,타이포그래피·여백·색상·이미지 구성의 완성도와 차별성 충족
813,images/EAGinM_oFu0/004.jpg,유지,타이포그래피·여백·색상·이미지 구성의 완성도와 차별성 충족
814,images/EADyrW1IbLU/010.jpg,제외,"시각 검수 기준 미달: 평범한 구성, 장식 과다, 약한 정보 위계 또는 완성도 부족"
815,images/EAGS9x22Ckg/005.jpg,제외,"시각 검수 기준 미달: 평범한 구성, 장식 과다, 약한 정보 위계 또는 완성도 부족"
816,images/EAGuqYb_EQc/004.jpg,제외,"시각 검수 기준 미달: 평범한 구성, 장식 과다, 약한 정보 위계 또는 완성도 부족"
817,images/EAHD14mNxRA/008.jpg,유지,타이포그래피·여백·색상·이미지 구성의 완성도와 차별성 충족
818,images/EAFpXAWC2Ng/001.jpg,제외,"시각 검수 기준 미달: 평범한 구성, 장식 과다, 약한 정보 위계 또는 완성도 부족"
819,images/EAGuqYb_EQc/005.jpg,제외,"시각 검수 기준 미달: 평범한 구성, 장식 과다, 약한 정보 위계 또는 완성도 부족"
820,images/EAGinM_oFu0/005.jpg,유지,타이포그래피·여백·색상·이미지 구성의 완성도와 차별성 충족
821,images/EAFpXAWC2Ng/004.jpg,제외,"시각 검수 기준 미달: 평범한 구성, 장식 과다, 약한 정보 위계 또는 완성도 부족"
822,images/EAGuqYb_EQc/008.jpg,제외,"시각 검수 기준 미달: 평범한 구성, 장식 과다, 약한 정보 위계 또는 완성도 부족"
823,images/EADyrW1IbLU/013.jpg,제외,"시각 검수 기준 미달: 평범한 구성, 장식 과다, 약한 정보 위계 또는 완성도 부족"
824,images/EAGS9x22Ckg/007.jpg,제외,"시각 검수 기준 미달: 평범한 구성, 장식 과다, 약한 정보 위계 또는 완성도 부족"
825,images/EAHD14mNxRA/010.jpg,유지,타이포그래피·여백·색상·이미지 구성의 완성도와 차별성 충족
826,images/EAHD14mNxRA/011.jpg,유지,타이포그래피·여백·색상·이미지 구성의 완성도와 차별성 충족
827,images/EAGS9x22Ckg/008.jpg,제외,"시각 검수 기준 미달: 평범한 구성, 장식 과다, 약한 정보 위계 또는 완성도 부족"
828,images/EAGinM_oFu0/009.jpg,유지,타이포그래피·여백·색상·이미지 구성의 완성도와 차별성 충족
829,images/EADyrW1IbLU/014.jpg,유지,타이포그래피·여백·색상·이미지 구성의 완성도와 차별성 충족
830,images/EAFpXAWC2Ng/005.jpg,제외,"시각 검수 기준 미달: 평범한 구성, 장식 과다, 약한 정보 위계 또는 완성도 부족"
831,images/EAGuqYb_EQc/009.jpg,제외,"시각 검수 기준 미달: 평범한 구성, 장식 과다, 약한 정보 위계 또는 완성도 부족"
832,images/EAGS9x22Ckg/009.jpg,제외,"시각 검수 기준 미달: 평범한 구성, 장식 과다, 약한 정보 위계 또는 완성도 부족"
833,images/EAGinM_oFu0/010.jpg,유지,타이포그래피·여백·색상·이미지 구성의 완성도와 차별성 충족
834,images/EADyrW1IbLU/015.jpg,제외,"시각 검수 기준 미달: 평범한 구성, 장식 과다, 약한 정보 위계 또는 완성도 부족"
835,images/EAGuqYb_EQc/010.jpg,유지,타이포그래피·여백·색상·이미지 구성의 완성도와 차별성 충족
836,images/EAGS9x22Ckg/010.jpg,제외,"시각 검수 기준 미달: 평범한 구성, 장식 과다, 약한 정보 위계 또는 완성도 부족"
837,images/EAFpXAWC2Ng/006.jpg,제외,"시각 검수 기준 미달: 평범한 구성, 장식 과다, 약한 정보 위계 또는 완성도 부족"
838,images/EAGgKrHq-_8/001.jpg,제외,"시각 검수 기준 미달: 평범한 구성, 장식 과다, 약한 정보 위계 또는 완성도 부족"
839,images/EAGm9xtKdeg/003.jpg,제외,"시각 검수 기준 미달: 평범한 구성, 장식 과다, 약한 정보 위계 또는 완성도 부족"
840,images/EAHBMl91uPg/003.jpg,제외,"시각 검수 기준 미달: 평범한 구성, 장식 과다, 약한 정보 위계 또는 완성도 부족"
841,images/EAGm0zxOTng/003.jpg,제외,"시각 검수 기준 미달: 평범한 구성, 장식 과다, 약한 정보 위계 또는 완성도 부족"
842,images/EAFpXAWC2Ng/010.jpg,제외,"시각 검수 기준 미달: 평범한 구성, 장식 과다, 약한 정보 위계 또는 완성도 부족"
843,images/EAGRIZtpaQ4/003.jpg,제외,"시각 검수 기준 미달: 평범한 구성, 장식 과다, 약한 정보 위계 또는 완성도 부족"
844,images/EAHBMl91uPg/004.jpg,제외,"시각 검수 기준 미달: 평범한 구성, 장식 과다, 약한 정보 위계 또는 완성도 부족"
845,images/EAGm9xtKdeg/004.jpg,제외,"시각 검수 기준 미달: 평범한 구성, 장식 과다, 약한 정보 위계 또는 완성도 부족"
846,images/EAGgKrHq-_8/003.jpg,제외,"시각 검수 기준 미달: 평범한 구성, 장식 과다, 약한 정보 위계 또는 완성도 부족"
847,images/EAGm9xtKdeg/005.jpg,제외,"시각 검수 기준 미달: 평범한 구성, 장식 과다, 약한 정보 위계 또는 완성도 부족"
848,images/EAGgKrHq-_8/004.jpg,제외,"시각 검수 기준 미달: 평범한 구성, 장식 과다, 약한 정보 위계 또는 완성도 부족"
849,images/EAGm0zxOTng/004.jpg,제외,"시각 검수 기준 미달: 평범한 구성, 장식 과다, 약한 정보 위계 또는 완성도 부족"
850,images/EAGm9xtKdeg/006.jpg,제외,"시각 검수 기준 미달: 평범한 구성, 장식 과다, 약한 정보 위계 또는 완성도 부족"
851,images/EAFpXAWC2Ng/011.jpg,제외,"시각 검수 기준 미달: 평범한 구성, 장식 과다, 약한 정보 위계 또는 완성도 부족"
852,images/EAGgKrHq-_8/005.jpg,제외,"시각 검수 기준 미달: 평범한 구성, 장식 과다, 약한 정보 위계 또는 완성도 부족"
853,images/EAGRIZtpaQ4/004.jpg,제외,"시각 검수 기준 미달: 평범한 구성, 장식 과다, 약한 정보 위계 또는 완성도 부족"
854,images/EAHBMl91uPg/005.jpg,제외,"시각 검수 기준 미달: 평범한 구성, 장식 과다, 약한 정보 위계 또는 완성도 부족"
855,images/EAGm0zxOTng/007.jpg,제외,"시각 검수 기준 미달: 평범한 구성, 장식 과다, 약한 정보 위계 또는 완성도 부족"
856,images/EAGgKrHq-_8/008.jpg,제외,"시각 검수 기준 미달: 평범한 구성, 장식 과다, 약한 정보 위계 또는 완성도 부족"
857,images/EAHBMl91uPg/010.jpg,제외,"시각 검수 기준 미달: 평범한 구성, 장식 과다, 약한 정보 위계 또는 완성도 부족"
858,images/EAGm0zxOTng/008.jpg,제외,"시각 검수 기준 미달: 평범한 구성, 장식 과다, 약한 정보 위계 또는 완성도 부족"
859,images/EAGgKrHq-_8/009.jpg,제외,"시각 검수 기준 미달: 평범한 구성, 장식 과다, 약한 정보 위계 또는 완성도 부족"
860,images/EAGRIZtpaQ4/008.jpg,제외,"시각 검수 기준 미달: 평범한 구성, 장식 과다, 약한 정보 위계 또는 완성도 부족"
861,images/EAGm9xtKdeg/010.jpg,제외,"시각 검수 기준 미달: 평범한 구성, 장식 과다, 약한 정보 위계 또는 완성도 부족"
862,images/EAGm9xtKdeg/011.jpg,제외,"시각 검수 기준 미달: 평범한 구성, 장식 과다, 약한 정보 위계 또는 완성도 부족"
863,images/EAGRIZtpaQ4/009.jpg,제외,"시각 검수 기준 미달: 평범한 구성, 장식 과다, 약한 정보 위계 또는 완성도 부족"
864,images/EAGm0zxOTng/009.jpg,제외,"시각 검수 기준 미달: 평범한 구성, 장식 과다, 약한 정보 위계 또는 완성도 부족"
865,images/EAGgKrHq-_8/010.jpg,제외,"시각 검수 기준 미달: 평범한 구성, 장식 과다, 약한 정보 위계 또는 완성도 부족"
866,images/EAGm0zxOTng/011.jpg,제외,"시각 검수 기준 미달: 평범한 구성, 장식 과다, 약한 정보 위계 또는 완성도 부족"
867,images/EAHJ9hZS2Us/002.jpg,유지,타이포그래피·여백·색상·이미지 구성의 완성도와 차별성 충족
868,images/EAHJ9hZS2Us/005.jpg,유지,타이포그래피·여백·색상·이미지 구성의 완성도와 차별성 충족
869,images/EAHJ9hZS2Us/007.jpg,유지,타이포그래피·여백·색상·이미지 구성의 완성도와 차별성 충족
870,images/EAHNsJ3BjtU/004.jpg,제외,"시각 검수 기준 미달: 평범한 구성, 장식 과다, 약한 정보 위계 또는 완성도 부족"
871,images/EAHNsJ3BjtU/006.jpg,제외,"시각 검수 기준 미달: 평범한 구성, 장식 과다, 약한 정보 위계 또는 완성도 부족"
872,images/EAHJ9hZS2Us/010.jpg,유지,타이포그래피·여백·색상·이미지 구성의 완성도와 차별성 충족
873,images/EAHNsJ3BjtU/007.jpg,제외,"시각 검수 기준 미달: 평범한 구성, 장식 과다, 약한 정보 위계 또는 완성도 부족"
874,images/EAHJ9hZS2Us/011.jpg,유지,타이포그래피·여백·색상·이미지 구성의 완성도와 차별성 충족
875,images/EAHNsJ3BjtU/008.jpg,제외,"시각 검수 기준 미달: 평범한 구성, 장식 과다, 약한 정보 위계 또는 완성도 부족"
876,images/EAG1GbzMpI8/001.jpg,제외,"시각 검수 기준 미달: 평범한 구성, 장식 과다, 약한 정보 위계 또는 완성도 부족"
877,images/EAG0C-_M4k8/003.jpg,제외,"시각 검수 기준 미달: 평범한 구성, 장식 과다, 약한 정보 위계 또는 완성도 부족"
878,images/EAHJ9hZS2Us/014.jpg,유지,타이포그래피·여백·색상·이미지 구성의 완성도와 차별성 충족
879,images/EAG0C-_M4k8/004.jpg,제외,"시각 검수 기준 미달: 평범한 구성, 장식 과다, 약한 정보 위계 또는 완성도 부족"
880,images/EAHJ9hZS2Us/015.jpg,제외,"시각 검수 기준 미달: 평범한 구성, 장식 과다, 약한 정보 위계 또는 완성도 부족"
881,images/EAG0C-_M4k8/005.jpg,제외,"시각 검수 기준 미달: 평범한 구성, 장식 과다, 약한 정보 위계 또는 완성도 부족"
882,images/EAG1GbzMpI8/003.jpg,제외,"시각 검수 기준 미달: 평범한 구성, 장식 과다, 약한 정보 위계 또는 완성도 부족"
883,images/EAHBwfjkz4c/001.jpg,제외,"시각 검수 기준 미달: 평범한 구성, 장식 과다, 약한 정보 위계 또는 완성도 부족"
884,images/EAHTUFXs0pU/001.jpg,제외,"시각 검수 기준 미달: 평범한 구성, 장식 과다, 약한 정보 위계 또는 완성도 부족"
885,images/EAHTUFXs0pU/002.jpg,제외,"시각 검수 기준 미달: 평범한 구성, 장식 과다, 약한 정보 위계 또는 완성도 부족"
886,images/EAG0C-_M4k8/008.jpg,제외,"시각 검수 기준 미달: 평범한 구성, 장식 과다, 약한 정보 위계 또는 완성도 부족"
887,images/EAG1MAfZQhI/003.jpg,제외,"시각 검수 기준 미달: 평범한 구성, 장식 과다, 약한 정보 위계 또는 완성도 부족"
888,images/EAHBwfjkz4c/004.jpg,제외,"시각 검수 기준 미달: 평범한 구성, 장식 과다, 약한 정보 위계 또는 완성도 부족"
889,images/EAHTUFXs0pU/003.jpg,제외,"시각 검수 기준 미달: 평범한 구성, 장식 과다, 약한 정보 위계 또는 완성도 부족"
890,images/EAG0C-_M4k8/009.jpg,제외,"시각 검수 기준 미달: 평범한 구성, 장식 과다, 약한 정보 위계 또는 완성도 부족"
891,images/EAG1GbzMpI8/007.jpg,제외,"시각 검수 기준 미달: 평범한 구성, 장식 과다, 약한 정보 위계 또는 완성도 부족"
892,images/EAG1MAfZQhI/004.jpg,제외,"시각 검수 기준 미달: 평범한 구성, 장식 과다, 약한 정보 위계 또는 완성도 부족"
893,images/EAHBwfjkz4c/005.jpg,제외,"시각 검수 기준 미달: 평범한 구성, 장식 과다, 약한 정보 위계 또는 완성도 부족"
894,images/EAG1MAfZQhI/007.jpg,제외,"시각 검수 기준 미달: 평범한 구성, 장식 과다, 약한 정보 위계 또는 완성도 부족"
895,images/EAHQ81nRcbo/001.jpg,제외,"시각 검수 기준 미달: 평범한 구성, 장식 과다, 약한 정보 위계 또는 완성도 부족"
896,images/EAHTUFXs0pU/007.jpg,제외,"시각 검수 기준 미달: 평범한 구성, 장식 과다, 약한 정보 위계 또는 완성도 부족"
897,images/EAHBwfjkz4c/009.jpg,제외,"시각 검수 기준 미달: 평범한 구성, 장식 과다, 약한 정보 위계 또는 완성도 부족"
898,images/EAHTUFXs0pU/008.jpg,제외,"시각 검수 기준 미달: 평범한 구성, 장식 과다, 약한 정보 위계 또는 완성도 부족"
899,images/EAHTUFXs0pU/010.jpg,제외,"시각 검수 기준 미달: 평범한 구성, 장식 과다, 약한 정보 위계 또는 완성도 부족"
900,images/EAG1MAfZQhI/009.jpg,제외,"시각 검수 기준 미달: 평범한 구성, 장식 과다, 약한 정보 위계 또는 완성도 부족"
901,images/EAHQ81nRcbo/003.jpg,제외,"시각 검수 기준 미달: 평범한 구성, 장식 과다, 약한 정보 위계 또는 완성도 부족"
902,images/EAHDCfCAoCM/001.jpg,유지,타이포그래피·여백·색상·이미지 구성의 완성도와 차별성 충족
903,images/EAG1MAfZQhI/010.jpg,제외,"시각 검수 기준 미달: 평범한 구성, 장식 과다, 약한 정보 위계 또는 완성도 부족"
904,images/EAHDCfCAoCM/002.jpg,제외,"시각 검수 기준 미달: 평범한 구성, 장식 과다, 약한 정보 위계 또는 완성도 부족"
905,images/EAHQ81nRcbo/005.jpg,제외,"시각 검수 기준 미달: 평범한 구성, 장식 과다, 약한 정보 위계 또는 완성도 부족"
906,images/EAHQ81nRcbo/006.jpg,제외,"시각 검수 기준 미달: 평범한 구성, 장식 과다, 약한 정보 위계 또는 완성도 부족"
907,images/EAHDCfCAoCM/004.jpg,제외,"시각 검수 기준 미달: 평범한 구성, 장식 과다, 약한 정보 위계 또는 완성도 부족"
908,images/EAHDCfCAoCM/006.jpg,유지,타이포그래피·여백·색상·이미지 구성의 완성도와 차별성 충족
909,images/EAHGERcYayU/001.jpg,제외,"시각 검수 기준 미달: 평범한 구성, 장식 과다, 약한 정보 위계 또는 완성도 부족"
910,images/EAHDCfCAoCM/007.jpg,제외,"시각 검수 기준 미달: 평범한 구성, 장식 과다, 약한 정보 위계 또는 완성도 부족"
911,images/EAHQ81nRcbo/010.jpg,제외,"시각 검수 기준 미달: 평범한 구성, 장식 과다, 약한 정보 위계 또는 완성도 부족"
912,images/EAHDCfCAoCM/008.jpg,유지,타이포그래피·여백·색상·이미지 구성의 완성도와 차별성 충족
913,images/EAHGERcYayU/002.jpg,제외,"시각 검수 기준 미달: 평범한 구성, 장식 과다, 약한 정보 위계 또는 완성도 부족"
914,images/EAHQ81nRcbo/011.jpg,제외,"시각 검수 기준 미달: 평범한 구성, 장식 과다, 약한 정보 위계 또는 완성도 부족"
915,images/EAHGERcYayU/003.jpg,제외,"시각 검수 기준 미달: 평범한 구성, 장식 과다, 약한 정보 위계 또는 완성도 부족"
916,images/EAHDCfCAoCM/009.jpg,유지,타이포그래피·여백·색상·이미지 구성의 완성도와 차별성 충족
917,images/EAHQ81nRcbo/012.jpg,제외,"시각 검수 기준 미달: 평범한 구성, 장식 과다, 약한 정보 위계 또는 완성도 부족"
918,images/EAHGERcYayU/004.jpg,제외,"시각 검수 기준 미달: 평범한 구성, 장식 과다, 약한 정보 위계 또는 완성도 부족"
919,images/EAHDCfCAoCM/010.jpg,유지,타이포그래피·여백·색상·이미지 구성의 완성도와 차별성 충족
920,images/EAHDCfCAoCM/011.jpg,유지,타이포그래피·여백·색상·이미지 구성의 완성도와 차별성 충족
921,images/EAHGERcYayU/005.jpg,제외,"시각 검수 기준 미달: 평범한 구성, 장식 과다, 약한 정보 위계 또는 완성도 부족"
922,images/EAG4TCdylqM/001.jpg,제외,"시각 검수 기준 미달: 평범한 구성, 장식 과다, 약한 정보 위계 또는 완성도 부족"
923,images/EAHDCfCAoCM/012.jpg,제외,"시각 검수 기준 미달: 평범한 구성, 장식 과다, 약한 정보 위계 또는 완성도 부족"
924,images/EAHQ7d-S71g/002.jpg,제외,"시각 검수 기준 미달: 평범한 구성, 장식 과다, 약한 정보 위계 또는 완성도 부족"
925,images/EAHFz8hi5pg/002.jpg,제외,"시각 검수 기준 미달: 평범한 구성, 장식 과다, 약한 정보 위계 또는 완성도 부족"
926,images/EAG4TCdylqM/002.jpg,제외,"시각 검수 기준 미달: 평범한 구성, 장식 과다, 약한 정보 위계 또는 완성도 부족"
927,images/EAHGERcYayU/007.jpg,제외,"시각 검수 기준 미달: 평범한 구성, 장식 과다, 약한 정보 위계 또는 완성도 부족"
928,images/EAG4TCdylqM/003.jpg,제외,"시각 검수 기준 미달: 평범한 구성, 장식 과다, 약한 정보 위계 또는 완성도 부족"
929,images/EAHQ7d-S71g/003.jpg,제외,"시각 검수 기준 미달: 평범한 구성, 장식 과다, 약한 정보 위계 또는 완성도 부족"
930,images/EAHGERcYayU/008.jpg,제외,"시각 검수 기준 미달: 평범한 구성, 장식 과다, 약한 정보 위계 또는 완성도 부족"
931,images/EAHFz8hi5pg/003.jpg,제외,"시각 검수 기준 미달: 평범한 구성, 장식 과다, 약한 정보 위계 또는 완성도 부족"
932,images/EAHQ7d-S71g/006.jpg,제외,"시각 검수 기준 미달: 평범한 구성, 장식 과다, 약한 정보 위계 또는 완성도 부족"
933,images/EAG4TCdylqM/006.jpg,제외,"시각 검수 기준 미달: 평범한 구성, 장식 과다, 약한 정보 위계 또는 완성도 부족"
934,images/EAHFG5b5zD8/001.jpg,제외,"시각 검수 기준 미달: 평범한 구성, 장식 과다, 약한 정보 위계 또는 완성도 부족"
935,images/EAHFz8hi5pg/006.jpg,제외,"시각 검수 기준 미달: 평범한 구성, 장식 과다, 약한 정보 위계 또는 완성도 부족"
936,images/EAHQ7d-S71g/007.jpg,제외,"시각 검수 기준 미달: 평범한 구성, 장식 과다, 약한 정보 위계 또는 완성도 부족"
937,images/EAG4TCdylqM/007.jpg,제외,"시각 검수 기준 미달: 평범한 구성, 장식 과다, 약한 정보 위계 또는 완성도 부족"
938,images/EAHFz8hi5pg/007.jpg,제외,"시각 검수 기준 미달: 평범한 구성, 장식 과다, 약한 정보 위계 또는 완성도 부족"
939,images/EAG4TCdylqM/008.jpg,제외,"시각 검수 기준 미달: 평범한 구성, 장식 과다, 약한 정보 위계 또는 완성도 부족"
940,images/EAHQ7d-S71g/008.jpg,제외,"시각 검수 기준 미달: 평범한 구성, 장식 과다, 약한 정보 위계 또는 완성도 부족"
941,images/EAHFz8hi5pg/008.jpg,제외,"시각 검수 기준 미달: 평범한 구성, 장식 과다, 약한 정보 위계 또는 완성도 부족"
942,images/EAHFG5b5zD8/003.jpg,제외,"시각 검수 기준 미달: 평범한 구성, 장식 과다, 약한 정보 위계 또는 완성도 부족"
943,images/EAHQ7d-S71g/009.jpg,제외,"시각 검수 기준 미달: 평범한 구성, 장식 과다, 약한 정보 위계 또는 완성도 부족"
944,images/EAHFz8hi5pg/009.jpg,제외,"시각 검수 기준 미달: 평범한 구성, 장식 과다, 약한 정보 위계 또는 완성도 부족"
945,images/EAG4TCdylqM/009.jpg,제외,"시각 검수 기준 미달: 평범한 구성, 장식 과다, 약한 정보 위계 또는 완성도 부족"
946,images/EAHFG5b5zD8/004.jpg,제외,"시각 검수 기준 미달: 평범한 구성, 장식 과다, 약한 정보 위계 또는 완성도 부족"
947,images/EAG4TCdylqM/010.jpg,제외,"시각 검수 기준 미달: 평범한 구성, 장식 과다, 약한 정보 위계 또는 완성도 부족"
948,images/EAHFz8hi5pg/010.jpg,제외,"시각 검수 기준 미달: 평범한 구성, 장식 과다, 약한 정보 위계 또는 완성도 부족"
949,images/EAHFG5b5zD8/005.jpg,제외,"시각 검수 기준 미달: 평범한 구성, 장식 과다, 약한 정보 위계 또는 완성도 부족"
950,images/EAHQ7d-S71g/010.jpg,제외,"시각 검수 기준 미달: 평범한 구성, 장식 과다, 약한 정보 위계 또는 완성도 부족"
951,images/EAHFG5b5zD8/006.jpg,제외,"시각 검수 기준 미달: 평범한 구성, 장식 과다, 약한 정보 위계 또는 완성도 부족"
952,images/EAHO2vNiqf8/002.jpg,제외,"시각 검수 기준 미달: 평범한 구성, 장식 과다, 약한 정보 위계 또는 완성도 부족"
953,images/EAHFG5b5zD8/010.jpg,제외,"시각 검수 기준 미달: 평범한 구성, 장식 과다, 약한 정보 위계 또는 완성도 부족"
954,images/EAHO2vNiqf8/003.jpg,제외,"시각 검수 기준 미달: 평범한 구성, 장식 과다, 약한 정보 위계 또는 완성도 부족"
955,images/EAG1ykou97k/002.jpg,제외,"시각 검수 기준 미달: 평범한 구성, 장식 과다, 약한 정보 위계 또는 완성도 부족"
956,images/EAHO2vNiqf8/005.jpg,제외,"시각 검수 기준 미달: 평범한 구성, 장식 과다, 약한 정보 위계 또는 완성도 부족"
957,images/EAG1ykou97k/008.jpg,유지,타이포그래피·여백·색상·이미지 구성의 완성도와 차별성 충족
958,images/EAG9VuLZuMo/007.jpg,제외,"시각 검수 기준 미달: 평범한 구성, 장식 과다, 약한 정보 위계 또는 완성도 부족"
959,images/EAGZExvPS_s/006.jpg,제외,"시각 검수 기준 미달: 평범한 구성, 장식 과다, 약한 정보 위계 또는 완성도 부족"
960,images/EAHO2vNiqf8/010.jpg,제외,"시각 검수 기준 미달: 평범한 구성, 장식 과다, 약한 정보 위계 또는 완성도 부족"
961,images/EAGRHyiYhbw/002.jpg,제외,"시각 검수 기준 미달: 평범한 구성, 장식 과다, 약한 정보 위계 또는 완성도 부족"
962,images/EAG9VuLZuMo/009.jpg,제외,"시각 검수 기준 미달: 평범한 구성, 장식 과다, 약한 정보 위계 또는 완성도 부족"
963,images/EAG1ykou97k/011.jpg,유지,타이포그래피·여백·색상·이미지 구성의 완성도와 차별성 충족
964,images/EAGZExvPS_s/008.jpg,제외,"시각 검수 기준 미달: 평범한 구성, 장식 과다, 약한 정보 위계 또는 완성도 부족"
965,images/EAG7v9x6LXQ/003.jpg,유지,타이포그래피·여백·색상·이미지 구성의 완성도와 차별성 충족
966,images/EAGRHyiYhbw/003.jpg,제외,"시각 검수 기준 미달: 평범한 구성, 장식 과다, 약한 정보 위계 또는 완성도 부족"
967,images/EAG9VuLZuMo/011.jpg,유지,타이포그래피·여백·색상·이미지 구성의 완성도와 차별성 충족
968,images/EAG7v9x6LXQ/005.jpg,유지,타이포그래피·여백·색상·이미지 구성의 완성도와 차별성 충족
969,images/EAGRHyiYhbw/005.jpg,제외,"시각 검수 기준 미달: 평범한 구성, 장식 과다, 약한 정보 위계 또는 완성도 부족"
970,images/EAG7v9x6LXQ/007.jpg,유지,타이포그래피·여백·색상·이미지 구성의 완성도와 차별성 충족
971,images/EAGvK9Yn_Gs/003.jpg,제외,"시각 검수 기준 미달: 평범한 구성, 장식 과다, 약한 정보 위계 또는 완성도 부족"
972,images/EAHBF5kEiyI/002.jpg,제외,"시각 검수 기준 미달: 평범한 구성, 장식 과다, 약한 정보 위계 또는 완성도 부족"
973,images/EAGRHyiYhbw/009.jpg,제외,"시각 검수 기준 미달: 평범한 구성, 장식 과다, 약한 정보 위계 또는 완성도 부족"
974,images/EAG7v9x6LXQ/009.jpg,유지,타이포그래피·여백·색상·이미지 구성의 완성도와 차별성 충족
975,images/EAHBF5kEiyI/003.jpg,제외,"시각 검수 기준 미달: 평범한 구성, 장식 과다, 약한 정보 위계 또는 완성도 부족"
976,images/EAGvK9Yn_Gs/004.jpg,제외,"시각 검수 기준 미달: 평범한 구성, 장식 과다, 약한 정보 위계 또는 완성도 부족"
977,images/EAFtjwQ2T3w/001.jpg,제외,"시각 검수 기준 미달: 평범한 구성, 장식 과다, 약한 정보 위계 또는 완성도 부족"
978,images/EAG7v9x6LXQ/010.jpg,유지,타이포그래피·여백·색상·이미지 구성의 완성도와 차별성 충족
979,images/EAGRHyiYhbw/010.jpg,제외,"시각 검수 기준 미달: 평범한 구성, 장식 과다, 약한 정보 위계 또는 완성도 부족"
980,images/EAHBF5kEiyI/004.jpg,유지,타이포그래피·여백·색상·이미지 구성의 완성도와 차별성 충족
981,images/EAFtjwQ2T3w/003.jpg,제외,"시각 검수 기준 미달: 평범한 구성, 장식 과다, 약한 정보 위계 또는 완성도 부족"
982,images/EAHBF5kEiyI/008.jpg,유지,타이포그래피·여백·색상·이미지 구성의 완성도와 차별성 충족
983,images/EAGXweTRWmI/002.jpg,제외,"시각 검수 기준 미달: 평범한 구성, 장식 과다, 약한 정보 위계 또는 완성도 부족"
984,images/EAGvK9Yn_Gs/009.jpg,제외,"시각 검수 기준 미달: 평범한 구성, 장식 과다, 약한 정보 위계 또는 완성도 부족"
985,images/EAGzNM-ehfA/002.jpg,제외,"시각 검수 기준 미달: 평범한 구성, 장식 과다, 약한 정보 위계 또는 완성도 부족"
986,images/EAFtjwQ2T3w/006.jpg,제외,"시각 검수 기준 미달: 평범한 구성, 장식 과다, 약한 정보 위계 또는 완성도 부족"
987,images/EAGXweTRWmI/003.jpg,제외,"시각 검수 기준 미달: 평범한 구성, 장식 과다, 약한 정보 위계 또는 완성도 부족"
988,images/EAGzNM-ehfA/003.jpg,제외,"시각 검수 기준 미달: 평범한 구성, 장식 과다, 약한 정보 위계 또는 완성도 부족"
989,images/EAHBF5kEiyI/009.jpg,제외,"시각 검수 기준 미달: 평범한 구성, 장식 과다, 약한 정보 위계 또는 완성도 부족"
990,images/EAGXweTRWmI/004.jpg,제외,"시각 검수 기준 미달: 평범한 구성, 장식 과다, 약한 정보 위계 또는 완성도 부족"
991,images/EAGvK9Yn_Gs/010.jpg,제외,"시각 검수 기준 미달: 평범한 구성, 장식 과다, 약한 정보 위계 또는 완성도 부족"
992,images/EAGXweTRWmI/005.jpg,제외,"시각 검수 기준 미달: 평범한 구성, 장식 과다, 약한 정보 위계 또는 완성도 부족"
993,images/EAGzNM-ehfA/004.jpg,제외,"시각 검수 기준 미달: 평범한 구성, 장식 과다, 약한 정보 위계 또는 완성도 부족"
994,images/EAHBF5kEiyI/010.jpg,유지,타이포그래피·여백·색상·이미지 구성의 완성도와 차별성 충족
995,images/EAGzNM-ehfA/005.jpg,제외,"시각 검수 기준 미달: 평범한 구성, 장식 과다, 약한 정보 위계 또는 완성도 부족"
996,images/EAFtjwQ2T3w/010.jpg,제외,"시각 검수 기준 미달: 평범한 구성, 장식 과다, 약한 정보 위계 또는 완성도 부족"
997,images/EAFtjwQ2T3w/011.jpg,제외,"시각 검수 기준 미달: 평범한 구성, 장식 과다, 약한 정보 위계 또는 완성도 부족"
998,images/EAGzNM-ehfA/006.jpg,제외,"시각 검수 기준 미달: 평범한 구성, 장식 과다, 약한 정보 위계 또는 완성도 부족"
999,images/EAG59i3YQdc/001.jpg,유지,타이포그래피·여백·색상·이미지 구성의 완성도와 차별성 충족
1000,images/EAGzNM-ehfA/007.jpg,제외,"시각 검수 기준 미달: 평범한 구성, 장식 과다, 약한 정보 위계 또는 완성도 부족"
1001,images/EAG59i3YQdc/002.jpg,유지,타이포그래피·여백·색상·이미지 구성의 완성도와 차별성 충족
1002,images/EAGzNM-ehfA/008.jpg,제외,"시각 검수 기준 미달: 평범한 구성, 장식 과다, 약한 정보 위계 또는 완성도 부족"
1003,images/EAGR0Rb38OY/001.jpg,제외,"시각 검수 기준 미달: 평범한 구성, 장식 과다, 약한 정보 위계 또는 완성도 부족"
1004,images/EAGXZiik1q4/001.jpg,제외,"시각 검수 기준 미달: 평범한 구성, 장식 과다, 약한 정보 위계 또는 완성도 부족"
1005,images/EAGXZiik1q4/002.jpg,제외,"시각 검수 기준 미달: 평범한 구성, 장식 과다, 약한 정보 위계 또는 완성도 부족"
1006,images/EAGXZiik1q4/003.jpg,제외,"시각 검수 기준 미달: 평범한 구성, 장식 과다, 약한 정보 위계 또는 완성도 부족"
1007,images/EAGXweTRWmI/007.jpg,제외,"시각 검수 기준 미달: 평범한 구성, 장식 과다, 약한 정보 위계 또는 완성도 부족"
1008,images/EAGR0Rb38OY/002.jpg,제외,"시각 검수 기준 미달: 평범한 구성, 장식 과다, 약한 정보 위계 또는 완성도 부족"
1009,images/EAGzNM-ehfA/009.jpg,제외,"시각 검수 기준 미달: 평범한 구성, 장식 과다, 약한 정보 위계 또는 완성도 부족"
1010,images/EAG59i3YQdc/003.jpg,유지,타이포그래피·여백·색상·이미지 구성의 완성도와 차별성 충족
1011,images/EAGXZiik1q4/004.jpg,제외,"시각 검수 기준 미달: 평범한 구성, 장식 과다, 약한 정보 위계 또는 완성도 부족"
1012,images/EAGR0Rb38OY/005.jpg,제외,"시각 검수 기준 미달: 평범한 구성, 장식 과다, 약한 정보 위계 또는 완성도 부족"
1013,images/EAGXZiik1q4/007.jpg,제외,"시각 검수 기준 미달: 평범한 구성, 장식 과다, 약한 정보 위계 또는 완성도 부족"
1014,images/EAG59i3YQdc/007.jpg,유지,타이포그래피·여백·색상·이미지 구성의 완성도와 차별성 충족
1015,images/EAGXweTRWmI/010.jpg,제외,"시각 검수 기준 미달: 평범한 구성, 장식 과다, 약한 정보 위계 또는 완성도 부족"
1016,images/EAGXZiik1q4/011.jpg,제외,"시각 검수 기준 미달: 평범한 구성, 장식 과다, 약한 정보 위계 또는 완성도 부족"
1017,images/EAG2FyJG7Fk/008.jpg,제외,"시각 검수 기준 미달: 평범한 구성, 장식 과다, 약한 정보 위계 또는 완성도 부족"
1018,images/EAG_4lCuguM/004.jpg,제외,"시각 검수 기준 미달: 평범한 구성, 장식 과다, 약한 정보 위계 또는 완성도 부족"
1019,images/EAHOytfZa1g/001.jpg,제외,"시각 검수 기준 미달: 평범한 구성, 장식 과다, 약한 정보 위계 또는 완성도 부족"
1020,images/EAHOytfZa1g/004.jpg,제외,"시각 검수 기준 미달: 평범한 구성, 장식 과다, 약한 정보 위계 또는 완성도 부족"
1021,images/EAG2FyJG7Fk/010.jpg,제외,"시각 검수 기준 미달: 평범한 구성, 장식 과다, 약한 정보 위계 또는 완성도 부족"
1022,images/EAG_4lCuguM/007.jpg,제외,"시각 검수 기준 미달: 평범한 구성, 장식 과다, 약한 정보 위계 또는 완성도 부족"
1023,images/EAHOytfZa1g/005.jpg,제외,"시각 검수 기준 미달: 평범한 구성, 장식 과다, 약한 정보 위계 또는 완성도 부족"
1024,images/EAG_4lCuguM/008.jpg,제외,"시각 검수 기준 미달: 평범한 구성, 장식 과다, 약한 정보 위계 또는 완성도 부족"
1025,images/EAHOytfZa1g/006.jpg,제외,"시각 검수 기준 미달: 평범한 구성, 장식 과다, 약한 정보 위계 또는 완성도 부족"
1026,images/EAG_4lCuguM/010.jpg,제외,"시각 검수 기준 미달: 평범한 구성, 장식 과다, 약한 정보 위계 또는 완성도 부족"
1027,images/EAGXcGWX3IA/001.jpg,제외,"시각 검수 기준 미달: 평범한 구성, 장식 과다, 약한 정보 위계 또는 완성도 부족"
1028,images/EAHOytfZa1g/008.jpg,제외,"시각 검수 기준 미달: 평범한 구성, 장식 과다, 약한 정보 위계 또는 완성도 부족"
1029,images/EAG79riowgo/001.jpg,제외,"시각 검수 기준 미달: 평범한 구성, 장식 과다, 약한 정보 위계 또는 완성도 부족"
1030,images/EAGZQUtOtus/001.jpg,제외,"시각 검수 기준 미달: 평범한 구성, 장식 과다, 약한 정보 위계 또는 완성도 부족"
1031,images/EAGZQUtOtus/003.jpg,유지,타이포그래피·여백·색상·이미지 구성의 완성도와 차별성 충족
1032,images/EAGZQUtOtus/004.jpg,제외,"시각 검수 기준 미달: 평범한 구성, 장식 과다, 약한 정보 위계 또는 완성도 부족"
1033,images/EAG79riowgo/004.jpg,제외,"시각 검수 기준 미달: 평범한 구성, 장식 과다, 약한 정보 위계 또는 완성도 부족"
1034,images/EAGXcGWX3IA/004.jpg,제외,"시각 검수 기준 미달: 평범한 구성, 장식 과다, 약한 정보 위계 또는 완성도 부족"
1035,images/EAHOytfZa1g/011.jpg,제외,"시각 검수 기준 미달: 평범한 구성, 장식 과다, 약한 정보 위계 또는 완성도 부족"
1036,images/EAGX1JykKDE/003.jpg,제외,"시각 검수 기준 미달: 평범한 구성, 장식 과다, 약한 정보 위계 또는 완성도 부족"
1037,images/EAGXcGWX3IA/005.jpg,제외,"시각 검수 기준 미달: 평범한 구성, 장식 과다, 약한 정보 위계 또는 완성도 부족"
1038,images/EAHOytfZa1g/012.jpg,제외,"시각 검수 기준 미달: 평범한 구성, 장식 과다, 약한 정보 위계 또는 완성도 부족"
1039,images/EAGZQUtOtus/005.jpg,유지,타이포그래피·여백·색상·이미지 구성의 완성도와 차별성 충족
1040,images/EAG79riowgo/005.jpg,제외,"시각 검수 기준 미달: 평범한 구성, 장식 과다, 약한 정보 위계 또는 완성도 부족"
1041,images/EAGX1JykKDE/004.jpg,제외,"시각 검수 기준 미달: 평범한 구성, 장식 과다, 약한 정보 위계 또는 완성도 부족"
1042,images/EAGXcGWX3IA/006.jpg,제외,"시각 검수 기준 미달: 평범한 구성, 장식 과다, 약한 정보 위계 또는 완성도 부족"
1043,images/EAGX1JykKDE/005.jpg,제외,"시각 검수 기준 미달: 평범한 구성, 장식 과다, 약한 정보 위계 또는 완성도 부족"
1044,images/EAGZQUtOtus/006.jpg,제외,"시각 검수 기준 미달: 평범한 구성, 장식 과다, 약한 정보 위계 또는 완성도 부족"
1045,images/EAGXcGWX3IA/007.jpg,제외,"시각 검수 기준 미달: 평범한 구성, 장식 과다, 약한 정보 위계 또는 완성도 부족"
1046,images/EAHOytfZa1g/013.jpg,제외,"시각 검수 기준 미달: 평범한 구성, 장식 과다, 약한 정보 위계 또는 완성도 부족"
1047,images/EAGZQUtOtus/007.jpg,유지,타이포그래피·여백·색상·이미지 구성의 완성도와 차별성 충족
1048,images/EAG79riowgo/006.jpg,제외,"시각 검수 기준 미달: 평범한 구성, 장식 과다, 약한 정보 위계 또는 완성도 부족"
1049,images/EAGZQUtOtus/008.jpg,유지,타이포그래피·여백·색상·이미지 구성의 완성도와 차별성 충족
1050,images/EAGXcGWX3IA/008.jpg,제외,"시각 검수 기준 미달: 평범한 구성, 장식 과다, 약한 정보 위계 또는 완성도 부족"
1051,images/EAG79riowgo/007.jpg,제외,"시각 검수 기준 미달: 평범한 구성, 장식 과다, 약한 정보 위계 또는 완성도 부족"
1052,images/EAGXcGWX3IA/009.jpg,제외,"시각 검수 기준 미달: 평범한 구성, 장식 과다, 약한 정보 위계 또는 완성도 부족"
1053,images/EAGX1JykKDE/008.jpg,제외,"시각 검수 기준 미달: 평범한 구성, 장식 과다, 약한 정보 위계 또는 완성도 부족"
1054,images/EAGZQUtOtus/009.jpg,유지,타이포그래피·여백·색상·이미지 구성의 완성도와 차별성 충족
1055,images/EAGXcGWX3IA/010.jpg,제외,"시각 검수 기준 미달: 평범한 구성, 장식 과다, 약한 정보 위계 또는 완성도 부족"
1056,images/EAG79riowgo/008.jpg,제외,"시각 검수 기준 미달: 평범한 구성, 장식 과다, 약한 정보 위계 또는 완성도 부족"
1057,images/EAGZQUtOtus/010.jpg,제외,"시각 검수 기준 미달: 평범한 구성, 장식 과다, 약한 정보 위계 또는 완성도 부족"
1058,images/EAHFgof9CuQ/001.jpg,제외,"시각 검수 기준 미달: 평범한 구성, 장식 과다, 약한 정보 위계 또는 완성도 부족"
1059,images/EAGX1JykKDE/009.jpg,제외,"시각 검수 기준 미달: 평범한 구성, 장식 과다, 약한 정보 위계 또는 완성도 부족"
1060,images/EAF94VaPK9Q/001.jpg,제외,"시각 검수 기준 미달: 평범한 구성, 장식 과다, 약한 정보 위계 또는 완성도 부족"
1061,images/EAGX1JykKDE/010.jpg,제외,"시각 검수 기준 미달: 평범한 구성, 장식 과다, 약한 정보 위계 또는 완성도 부족"
1062,images/EAG79riowgo/009.jpg,제외,"시각 검수 기준 미달: 평범한 구성, 장식 과다, 약한 정보 위계 또는 완성도 부족"
1063,images/EAHFgof9CuQ/002.jpg,제외,"시각 검수 기준 미달: 평범한 구성, 장식 과다, 약한 정보 위계 또는 완성도 부족"
1064,images/EAF94VaPK9Q/002.jpg,제외,"시각 검수 기준 미달: 평범한 구성, 장식 과다, 약한 정보 위계 또는 완성도 부족"
1065,images/EAF94VaPK9Q/003.jpg,제외,"시각 검수 기준 미달: 평범한 구성, 장식 과다, 약한 정보 위계 또는 완성도 부족"
1066,images/EAG79riowgo/010.jpg,제외,"시각 검수 기준 미달: 평범한 구성, 장식 과다, 약한 정보 위계 또는 완성도 부족"
1067,images/EAHFgof9CuQ/003.jpg,제외,"시각 검수 기준 미달: 평범한 구성, 장식 과다, 약한 정보 위계 또는 완성도 부족"
1068,images/EAHKT3TNngM/002.jpg,제외,"시각 검수 기준 미달: 평범한 구성, 장식 과다, 약한 정보 위계 또는 완성도 부족"
1069,images/EAF94VaPK9Q/006.jpg,제외,"시각 검수 기준 미달: 평범한 구성, 장식 과다, 약한 정보 위계 또는 완성도 부족"
1070,images/EAGWbOyUGMs/001.jpg,제외,"시각 검수 기준 미달: 평범한 구성, 장식 과다, 약한 정보 위계 또는 완성도 부족"
1071,images/EAHKT3TNngM/003.jpg,제외,"시각 검수 기준 미달: 평범한 구성, 장식 과다, 약한 정보 위계 또는 완성도 부족"
1072,images/EAGyuVngtnA/002.jpg,제외,"시각 검수 기준 미달: 평범한 구성, 장식 과다, 약한 정보 위계 또는 완성도 부족"
1073,images/EAHFgof9CuQ/006.jpg,제외,"시각 검수 기준 미달: 평범한 구성, 장식 과다, 약한 정보 위계 또는 완성도 부족"
1074,images/EAF94VaPK9Q/007.jpg,제외,"시각 검수 기준 미달: 평범한 구성, 장식 과다, 약한 정보 위계 또는 완성도 부족"
1075,images/EAHKT3TNngM/004.jpg,제외,"시각 검수 기준 미달: 평범한 구성, 장식 과다, 약한 정보 위계 또는 완성도 부족"
1076,images/EAGyuVngtnA/003.jpg,제외,"시각 검수 기준 미달: 평범한 구성, 장식 과다, 약한 정보 위계 또는 완성도 부족"
1077,images/EAGWbOyUGMs/002.jpg,제외,"시각 검수 기준 미달: 평범한 구성, 장식 과다, 약한 정보 위계 또는 완성도 부족"
