deck_id,title,detail_url,review_status,selected_images,outcome
1,Black Purple Modern Technology Company Profile 006,https://app.envato.com/search/presentation-templates/b18537b5-ad36-4321-b547-3a4f41144b63?itemType=presentation-templates&filter.presentation_templates_applications_supported=PowerPoint&_gl=1*1gb31cf*_up*MQ..*_ga*MTcyODg5NTI4OS4xNzkxMjk0MjU3*_ga_SFZC8HJ4D7*czE3OTEyOTQyNTYkbzEkZzAkdDE3OTEyOTQyNTYkajYwJGwwJGgw,Cloud-browser detail page opened; public preview visually reviewed,0,Not included after visual design/diagram and image-format screening
2,Orange Green Creative Mental Health Pitch Deck 006,https://app.envato.com/search/presentation-templates/8d8ab828-098f-47cb-b45f-ace52e34164e?itemType=presentation-templates&filter.presentation_templates_applications_supported=PowerPoint,Cloud-browser detail page opened; public preview visually reviewed,0,Not included after visual design/diagram and image-format screening
3,Black Orange Modern Company Profile 006,https://app.envato.com/search/presentation-templates/2630a8ff-8070-4300-8a6b-f9f36730f1c3?itemType=presentation-templates&filter.presentation_templates_applications_supported=PowerPoint,Cloud-browser detail page opened; public preview visually reviewed,0,Not included after visual design/diagram and image-format screening
4,Buildooze Business PowerPoint Template,https://app.envato.com/search/presentation-templates/39c7d1e1-0eda-4c7a-a9b7-1dd4a66019b4?itemType=presentation-templates&filter.presentation_templates_applications_supported=PowerPoint,Cloud-browser detail page opened; public preview visually reviewed,2,Selected front-facing preview(s)
5,Green White Modern Agriculture Pitch Deck 006,https://app.envato.com/search/presentation-templates/11c9b56a-bada-492f-81f5-7e1d592dbd26?itemType=presentation-templates&filter.presentation_templates_applications_supported=PowerPoint,Cloud-browser detail page opened; public preview visually reviewed,0,Not included after visual design/diagram and image-format screening
6,Vextores - Powerpoint Template,https://app.envato.com/search/presentation-templates/5e2b4e7f-2dbc-4e33-8467-dc74b4e0b7f1?itemType=presentation-templates&filter.presentation_templates_applications_supported=PowerPoint,Cloud-browser detail page opened; public preview visually reviewed,0,Not included after visual design/diagram and image-format screening
7,Fonias - Google Slides Template,https://app.envato.com/search/presentation-templates/6e222ba4-484f-4652-b1b9-00989ac9242b?itemType=presentation-templates&filter.presentation_templates_applications_supported=PowerPoint,Cloud-browser detail page opened; public preview visually reviewed,3,Selected front-facing preview(s)
8,Mantra - Powerpoint Template,https://app.envato.com/search/presentation-templates/82c66776-3a64-4145-9dd7-792a81701af3?itemType=presentation-templates&filter.presentation_templates_applications_supported=PowerPoint,Cloud-browser detail page opened; public preview visually reviewed,3,Selected front-facing preview(s)
9,ZULAIKHA - Modern Fashion Powerpoint Template,https://app.envato.com/search/presentation-templates/d4f8b81d-b32e-4a21-adbf-0fc52df964f0?itemType=presentation-templates&filter.presentation_templates_applications_supported=PowerPoint,Cloud-browser detail page opened; public preview visually reviewed,0,Not included after visual design/diagram and image-format screening
10,Interior Presentation Template,https://app.envato.com/search/presentation-templates/e2739c63-94a7-421b-b2ab-b6c03467d332?itemType=presentation-templates&filter.presentation_templates_applications_supported=PowerPoint,Cloud-browser detail page opened; public preview visually reviewed,0,Not included after visual design/diagram and image-format screening
11,Expand - Business Presentation PowerPoint Template,https://app.envato.com/search/presentation-templates/f90ef759-f052-4e8b-98fe-0cc74e28ea2a?itemType=presentation-templates&filter.presentation_templates_applications_supported=PowerPoint,Cloud-browser detail page opened; public preview visually reviewed,0,Not included after visual design/diagram and image-format screening
12,Agenda PowerPoint Presentation V.1,https://app.envato.com/search/presentation-templates/1b6fc09d-ae34-47ff-a15d-9cd5b36df242?itemType=presentation-templates&filter.presentation_templates_applications_supported=PowerPoint,Cloud-browser detail page opened; public preview visually reviewed,0,Not included after visual design/diagram and image-format screening
13,Riya Design Portfolio PowerPoint Template,https://app.envato.com/search/presentation-templates/71ceca4f-3a67-47ff-b907-711a49aaf873?itemType=presentation-templates&filter.presentation_templates_applications_supported=PowerPoint,Cloud-browser detail page opened; public preview visually reviewed,4,Selected front-facing preview(s)
14,Agency - Business Powerpoint Templates,https://app.envato.com/search/presentation-templates/a51ede1e-5f5b-42f6-ba38-131147eadedb?itemType=presentation-templates&filter.presentation_templates_applications_supported=PowerPoint,Cloud-browser detail page opened; public preview visually reviewed,0,Not included after visual design/diagram and image-format screening
15,Project Proposal PowerPoint Template,https://app.envato.com/search/presentation-templates/3a551dd9-e88b-4aaa-84cf-3da7b5d6f7f2?itemType=presentation-templates&filter.presentation_templates_applications_supported=PowerPoint,Cloud-browser detail page opened; public preview visually reviewed,0,Not included after visual design/diagram and image-format screening
16,Theater - Cinema Powerpoint Templates,https://app.envato.com/search/presentation-templates/028b5922-f2e3-4944-93e5-38991a0a06bf?itemType=presentation-templates&filter.presentation_templates_applications_supported=PowerPoint,Cloud-browser detail page opened; public preview visually reviewed,0,Not included after visual design/diagram and image-format screening
17,Proposal for Project PowerPoint Template,https://app.envato.com/search/presentation-templates/c5651c45-0408-41b7-8c61-b90b2a9a4675?itemType=presentation-templates&filter.presentation_templates_applications_supported=PowerPoint,Cloud-browser detail page opened; public preview visually reviewed,1,Selected front-facing preview(s)
18,Free Marketing - PowerPoint Template,https://app.envato.com/search/presentation-templates/80d92e32-7744-400a-8757-b1bccf31734e?itemType=presentation-templates&filter.presentation_templates_applications_supported=PowerPoint,Cloud-browser detail page opened; public preview visually reviewed,0,Not included after visual design/diagram and image-format screening
19,Morph Animation PowerPoint,https://app.envato.com/search/presentation-templates/1b1f4202-7647-4863-a74f-dbf52136f905?itemType=presentation-templates&filter.presentation_templates_applications_supported=PowerPoint,Cloud-browser detail page opened; public preview visually reviewed,1,Selected front-facing preview(s)
20,Buenos - Powerpoint Template,https://app.envato.com/search/presentation-templates/16ce2cce-2af9-401b-848b-e228ad187df9?itemType=presentation-templates&filter.presentation_templates_applications_supported=PowerPoint,Cloud-browser detail page opened; public preview visually reviewed,4,Selected front-facing preview(s)
21,Winter Season PowerPoint,https://app.envato.com/search/presentation-templates/29c9c176-306a-494d-92af-ae6f88c9cf3f?itemType=presentation-templates&filter.presentation_templates_applications_supported=PowerPoint,Cloud-browser detail page opened; public preview visually reviewed,0,Not included after visual design/diagram and image-format screening
22,Travel PowerPoint,https://app.envato.com/search/presentation-templates/b19c0a57-5f84-4dc3-aaea-9474abdb912a?itemType=presentation-templates&filter.presentation_templates_applications_supported=PowerPoint,Cloud-browser detail page opened; public preview visually reviewed,0,Not included after visual design/diagram and image-format screening
23,Pitch Deck,https://app.envato.com/search/presentation-templates/e45f261a-b7b5-42ea-9941-8390e216b5bc?itemType=presentation-templates&filter.presentation_templates_applications_supported=PowerPoint,Cloud-browser detail page opened; public preview visually reviewed,4,Selected front-facing preview(s)
24,Cyber Safety Infographic Groovy Style Presentation,https://app.envato.com/search/presentation-templates/8d1c4c28-dd18-47f1-9e59-0ee6993cc59b?itemType=presentation-templates&filter.presentation_templates_applications_supported=PowerPoint,Cloud-browser detail page opened; public preview visually reviewed,0,Not included after visual design/diagram and image-format screening
25,Solace - Business Presentation PowerPoint Template,https://app.envato.com/search/presentation-templates/895ecaa7-386d-49bf-921f-5fc12af917c6?itemType=presentation-templates&filter.presentation_templates_applications_supported=PowerPoint,Cloud-browser detail page opened; public preview visually reviewed,0,Not included after visual design/diagram and image-format screening
26,Scrum-Powered Success,https://app.envato.com/search/presentation-templates/ac5372cf-d84a-452b-ba8c-6a29b669e38a?itemType=presentation-templates&filter.presentation_templates_applications_supported=PowerPoint,Cloud-browser detail page opened; public preview visually reviewed,3,Selected front-facing preview(s)
27,Table Price List for Powerpoint Template,https://app.envato.com/search/presentation-templates/8cf0dee3-25b2-4312-9187-937f900fe119?itemType=presentation-templates&filter.presentation_templates_applications_supported=PowerPoint,Cloud-browser detail page opened; public preview visually reviewed,0,Not included after visual design/diagram and image-format screening
28,Bank Pitch Deck,https://app.envato.com/search/presentation-templates/544b0190-295b-49db-98af-7e42c0e4745f?itemType=presentation-templates&filter.presentation_templates_applications_supported=PowerPoint,Cloud-browser detail page opened; public preview visually reviewed,0,Not included after visual design/diagram and image-format screening
29,Oil and Gas,https://app.envato.com/search/presentation-templates/6074c325-c617-4e0a-a8f8-6a16576a4d3b?itemType=presentation-templates&filter.presentation_templates_applications_supported=PowerPoint,Cloud-browser detail page opened; public preview visually reviewed,0,Not included after visual design/diagram and image-format screening
30,SWOT Business Analytic PowerPoint Template,https://app.envato.com/search/presentation-templates/ac122282-0a1f-4967-9022-29af252b698a?itemType=presentation-templates&filter.presentation_templates_applications_supported=PowerPoint,Cloud-browser detail page opened; public preview visually reviewed,0,Not included after visual design/diagram and image-format screening
31,Medical - Powerpoint Presentation Template,https://app.envato.com/search/presentation-templates/61037d71-787c-475a-9f6b-72a437aafaa1?itemType=presentation-templates&filter.presentation_templates_applications_supported=PowerPoint,Cloud-browser detail page opened; public preview visually reviewed,0,Not included after visual design/diagram and image-format screening
32,Market Size,https://app.envato.com/search/presentation-templates/62dadb54-c40e-4bac-a34d-d00c9e29d7d6?itemType=presentation-templates&filter.presentation_templates_applications_supported=PowerPoint,Cloud-browser detail page opened; public preview visually reviewed,0,Not included after visual design/diagram and image-format screening
33,SEO Services PowerPoint Presentation,https://app.envato.com/search/presentation-templates/67c38be3-897c-4ed6-9362-882e942427a8?itemType=presentation-templates&filter.presentation_templates_applications_supported=PowerPoint,Cloud-browser detail page opened; public preview visually reviewed,0,Not included after visual design/diagram and image-format screening
34,Clean Photo - Photography Powerpoint Templates,https://app.envato.com/search/presentation-templates/630a9d39-43a6-4478-ac36-94e82c1eeacf?itemType=presentation-templates&filter.presentation_templates_applications_supported=PowerPoint,Cloud-browser detail page opened; public preview visually reviewed,2,Selected front-facing preview(s)
35,IT & Tech Services & Solutions Powerpoint Template,https://app.envato.com/search/presentation-templates/a4db01f8-54e2-40fd-9e64-e3d0371e6e2b?itemType=presentation-templates&filter.presentation_templates_applications_supported=PowerPoint,Cloud-browser detail page opened; public preview visually reviewed,0,Not included after visual design/diagram and image-format screening
36,Vendor - Multipurpose Powerpoint Template,https://app.envato.com/search/presentation-templates/a5c45d3d-f06a-42d5-b0a1-9b78db68f8d8?itemType=presentation-templates&filter.presentation_templates_applications_supported=PowerPoint,Cloud-browser detail page opened; public preview visually reviewed,0,Not included after visual design/diagram and image-format screening
37,Omnibis - Creative Multipurpose Powerpoint,https://app.envato.com/search/presentation-templates/4c632fb4-7b25-4d65-aa60-a5063a7a853b?itemType=presentation-templates&filter.presentation_templates_applications_supported=PowerPoint,Cloud-browser detail page opened; public preview visually reviewed,0,Not included after visual design/diagram and image-format screening
38,Pitch Deck Business Presentation,https://app.envato.com/search/presentation-templates/50368d89-69f5-4577-a758-b399ecd60b96?itemType=presentation-templates&filter.presentation_templates_applications_supported=PowerPoint,Cloud-browser detail page opened; public preview visually reviewed,0,Not included after visual design/diagram and image-format screening
39,Startup Pitch Deck,https://app.envato.com/search/presentation-templates/62097791-dde5-4f80-93da-4db41cb85200?itemType=presentation-templates&filter.presentation_templates_applications_supported=PowerPoint,Cloud-browser detail page opened; public preview visually reviewed,3,Selected front-facing preview(s)
40,Investment Strategy PowerPoint,https://app.envato.com/search/presentation-templates/932afa8f-0baf-4f3a-8b4c-bb1cf6bef638?itemType=presentation-templates&filter.presentation_templates_applications_supported=PowerPoint,Cloud-browser detail page opened; public preview visually reviewed,4,Selected front-facing preview(s)
41,Brand Portfolio Powerpoint Template,https://app.envato.com/search/presentation-templates/9295db0e-c03e-43e1-acb9-6d733496890c?itemType=presentation-templates&filter.presentation_templates_applications_supported=PowerPoint,Cloud-browser detail page opened; public preview visually reviewed,3,Selected front-facing preview(s)
42,Clean Minimalist Deck,https://app.envato.com/search/presentation-templates/272a6174-c92a-4d21-b849-520d83df0693?itemType=presentation-templates&filter.presentation_templates_applications_supported=PowerPoint,Cloud-browser detail page opened; public preview visually reviewed,0,Not included after visual design/diagram and image-format screening
43,Sledge- Business Powerpoint Template,https://app.envato.com/search/presentation-templates/55bdf8fc-8293-489f-af1d-3ee83523871c?itemType=presentation-templates&filter.presentation_templates_applications_supported=PowerPoint,Cloud-browser detail page opened; public preview visually reviewed,3,Selected front-facing preview(s)
44,Business Branding Presentation,https://app.envato.com/search/presentation-templates/55869495-7a98-4b0c-a183-3d07a9d4eae4?itemType=presentation-templates&filter.presentation_templates_applications_supported=PowerPoint,Cloud-browser detail page opened; public preview visually reviewed,0,Not included after visual design/diagram and image-format screening
45,Construction Building,https://app.envato.com/search/presentation-templates/68c0d305-aceb-4544-80bf-26c637130869?itemType=presentation-templates&filter.presentation_templates_applications_supported=PowerPoint,Cloud-browser detail page opened; public preview visually reviewed,0,Not included after visual design/diagram and image-format screening
46,Brempat - Powerpoint/Google Slides/Keynote Templat,https://app.envato.com/search/presentation-templates/2eb3229a-459f-4883-8f68-b22c70722310?itemType=presentation-templates&filter.presentation_templates_applications_supported=PowerPoint,Cloud-browser detail page opened; public preview visually reviewed,0,Not included after visual design/diagram and image-format screening
47,Davide-Business PowerPoint Template,https://app.envato.com/search/presentation-templates/6ce9ac8f-d0ed-4c6b-b0ce-6ee4e67da7f9?itemType=presentation-templates&filter.presentation_templates_applications_supported=PowerPoint,Cloud-browser detail page opened; public preview visually reviewed,4,Selected front-facing preview(s)
48,CRM Strategy,https://app.envato.com/search/presentation-templates/2d73480a-4a84-48e8-a3c2-d57f49584f30?itemType=presentation-templates&filter.presentation_templates_applications_supported=PowerPoint,Cloud-browser detail page opened; public preview visually reviewed,1,Selected front-facing preview(s)
49,Venturex Entrepreneur Business PowerPoint,https://app.envato.com/search/presentation-templates/f3f18012-d721-4d7d-b4d3-47722388daf9?itemType=presentation-templates&filter.presentation_templates_applications_supported=PowerPoint,Cloud-browser detail page opened; public preview visually reviewed,0,Not included after visual design/diagram and image-format screening
50,Film Intro,https://app.envato.com/search/presentation-templates/5a115a71-6738-4a5d-8ecf-dce5610b7cd2?itemType=presentation-templates&filter.presentation_templates_applications_supported=PowerPoint,Cloud-browser detail page opened; public preview visually reviewed,1,Selected front-facing preview(s)
51,Qivora - Professional Infographic Statistic PPT,https://app.envato.com/search/presentation-templates/8caff556-0fb2-4f7d-8cea-f39201d8349a?itemType=presentation-templates&filter.presentation_templates_applications_supported=PowerPoint,Cloud-browser detail page opened; public preview visually reviewed,2,Selected front-facing preview(s)
52,Sokas - Business Presentation template,https://app.envato.com/search/presentation-templates/fa674243-605a-4f31-a224-bcc46bbc02a3?itemType=presentation-templates&filter.presentation_templates_applications_supported=PowerPoint,Cloud-browser detail page opened; public preview visually reviewed,0,Not included after visual design/diagram and image-format screening
53,Recycling PowerPoint Presentation,https://app.envato.com/search/presentation-templates/44886c61-537d-4fed-bd43-da4d592b46c8?itemType=presentation-templates&filter.presentation_templates_applications_supported=PowerPoint,Cloud-browser detail page opened; public preview visually reviewed,0,Not included after visual design/diagram and image-format screening
54,Opera - Elegant Powepoint Template,https://app.envato.com/search/presentation-templates/578c2945-50d8-47f6-8ac4-afc44965ca04?itemType=presentation-templates&filter.presentation_templates_applications_supported=PowerPoint,Cloud-browser detail page opened; public preview visually reviewed,0,Not included after visual design/diagram and image-format screening
55,Capital Budgeting Infographics PowerPoint,https://app.envato.com/search/presentation-templates/50df81f6-6231-4a4a-84a9-6067048a78c9?itemType=presentation-templates&filter.presentation_templates_applications_supported=PowerPoint,Cloud-browser detail page opened; public preview visually reviewed,1,Selected front-facing preview(s)
56,Auth Organic Food PowerPoint Presentation Template,https://app.envato.com/search/presentation-templates/5784afa6-6a81-4d38-a7b7-4d16c2b998ec?itemType=presentation-templates&filter.presentation_templates_applications_supported=PowerPoint,Cloud-browser detail page opened; public preview visually reviewed,0,Not included after visual design/diagram and image-format screening
57,Wedding Event,https://app.envato.com/search/presentation-templates/51cae6c2-f78c-423f-ace2-5dcb001a0f02?itemType=presentation-templates&filter.presentation_templates_applications_supported=PowerPoint,Cloud-browser detail page opened; public preview visually reviewed,0,Not included after visual design/diagram and image-format screening
58,SaaS Pitch Deck Powerpoint,https://app.envato.com/search/presentation-templates/88a1624a-bd69-4b2d-a95f-c79245ec1f2c?itemType=presentation-templates&filter.presentation_templates_applications_supported=PowerPoint,Cloud-browser detail page opened; public preview visually reviewed,0,Not included after visual design/diagram and image-format screening
59,Artificial Intelligence PowerPoint Template,https://app.envato.com/search/presentation-templates/9cbcee94-fc30-4662-a0dc-a31e363322e3?itemType=presentation-templates&filter.presentation_templates_applications_supported=PowerPoint,Cloud-browser detail page opened; public preview visually reviewed,0,Not included after visual design/diagram and image-format screening
60,Hexagonal Infographic,https://app.envato.com/search/presentation-templates/947aff5b-32e9-4e37-be2e-432738994b28?itemType=presentation-templates&filter.presentation_templates_applications_supported=PowerPoint,Cloud-browser detail page opened; public preview visually reviewed,1,Selected front-facing preview(s)
61,Hype Charity PowerPoint Presentation Template,https://app.envato.com/search/presentation-templates/9d54b6ce-2d19-4a11-b3b1-61f006720c65?itemType=presentation-templates&filter.presentation_templates_applications_supported=PowerPoint,Cloud-browser detail page opened; public preview visually reviewed,0,Not included after visual design/diagram and image-format screening
62,Airline,https://app.envato.com/search/presentation-templates/94de7cf9-d9cc-4f80-b2ff-64648f0c899b?itemType=presentation-templates&filter.presentation_templates_applications_supported=PowerPoint,Cloud-browser detail page opened; public preview visually reviewed,0,Not included after visual design/diagram and image-format screening
63,Aleva - Beach Powerpoint Template,https://app.envato.com/search/presentation-templates/b070f9a6-d17b-4e8c-9180-ea00e1d43a74?itemType=presentation-templates&filter.presentation_templates_applications_supported=PowerPoint,Cloud-browser detail page opened; public preview visually reviewed,0,Not included after visual design/diagram and image-format screening
64,Infographic Presentation Slides,https://app.envato.com/search/presentation-templates/a4197e68-b5fc-4870-bf17-73f80ab9e3d0?itemType=presentation-templates&filter.presentation_templates_applications_supported=PowerPoint,Cloud-browser detail page opened; public preview visually reviewed,1,Selected front-facing preview(s)
65,Real Estate Presentation,https://app.envato.com/search/presentation-templates/a46f7a9b-ddf5-4c04-9845-d789b84aa01c?itemType=presentation-templates&filter.presentation_templates_applications_supported=PowerPoint,Cloud-browser detail page opened; public preview visually reviewed,0,Not included after visual design/diagram and image-format screening
66,Blue Depths - Underwater Powerpoint Templates,https://app.envato.com/search/presentation-templates/b0c5c0ea-0346-4bb1-810e-c5826b3c5430?itemType=presentation-templates&filter.presentation_templates_applications_supported=PowerPoint,Cloud-browser detail page opened; public preview visually reviewed,0,Not included after visual design/diagram and image-format screening
67,Blood Donation,https://app.envato.com/search/presentation-templates/40585625-33d9-4930-8f91-aa0c428cf613?itemType=presentation-templates&filter.presentation_templates_applications_supported=PowerPoint,Cloud-browser detail page opened; public preview visually reviewed,0,Not included after visual design/diagram and image-format screening
68,Supply Chain Management PowerPoint Templates,https://app.envato.com/search/presentation-templates/e60e5dff-084e-48f8-b6b8-ae4d3132e04b?itemType=presentation-templates&filter.presentation_templates_applications_supported=PowerPoint,Cloud-browser detail page opened; public preview visually reviewed,0,Not included after visual design/diagram and image-format screening
69,Problem Statement,https://app.envato.com/search/presentation-templates/be8978ad-1ec6-490f-8643-91346f3288c3?itemType=presentation-templates&filter.presentation_templates_applications_supported=PowerPoint,Cloud-browser detail page opened; public preview visually reviewed,4,Selected front-facing preview(s)
70,CSR Pitch Deck,https://app.envato.com/search/presentation-templates/7e0c3f82-27f7-49f5-a70f-83ebac4078b4?itemType=presentation-templates&filter.presentation_templates_applications_supported=PowerPoint,Cloud-browser detail page opened; public preview visually reviewed,0,Not included after visual design/diagram and image-format screening
71,Business Pitch Deck Presentation Template,https://app.envato.com/search/presentation-templates/706e1905-1850-43b9-bf0f-2384ae2011b0?itemType=presentation-templates&filter.presentation_templates_applications_supported=PowerPoint,Cloud-browser detail page opened; public preview visually reviewed,0,Not included after visual design/diagram and image-format screening
72,Data Table Infographic PowerPoint Template,https://app.envato.com/search/presentation-templates/79e1a973-37a5-424e-a957-fcaab9f502bb?itemType=presentation-templates&filter.presentation_templates_applications_supported=PowerPoint,Cloud-browser detail page opened; public preview visually reviewed,0,Not included after visual design/diagram and image-format screening
73,Business Profit Growth,https://app.envato.com/search/presentation-templates/7d564795-6d48-4dd5-b776-14cf8295ab63?itemType=presentation-templates&filter.presentation_templates_applications_supported=PowerPoint,Cloud-browser detail page opened; public preview visually reviewed,2,Selected front-facing preview(s)
74,Edunesia - Education Google Slides Presentation,https://app.envato.com/search/presentation-templates/4ea4d195-7442-49b7-8770-13ec6a3dc6b7?itemType=presentation-templates&filter.presentation_templates_applications_supported=PowerPoint,Cloud-browser detail page opened; public preview visually reviewed,0,Not included after visual design/diagram and image-format screening
75,Data Table Section PowerPoint Template,https://app.envato.com/search/presentation-templates/8dea2922-f216-4167-a933-77954f843cf1?itemType=presentation-templates&filter.presentation_templates_applications_supported=PowerPoint,Cloud-browser detail page opened; public preview visually reviewed,0,Not included after visual design/diagram and image-format screening
76,Company Reporting Solutions Infographics,https://app.envato.com/search/presentation-templates/5410c367-e650-48a9-93c7-9fe26e275249?itemType=presentation-templates&filter.presentation_templates_applications_supported=PowerPoint,Cloud-browser detail page opened; public preview visually reviewed,0,Not included after visual design/diagram and image-format screening
77,Course - Education Powerpoint Templates,https://app.envato.com/search/presentation-templates/53bf7d62-9b6e-40ce-a3b6-786bde58fe03?itemType=presentation-templates&filter.presentation_templates_applications_supported=PowerPoint,Cloud-browser detail page opened; public preview visually reviewed,0,Not included after visual design/diagram and image-format screening
78,Pitch Deck PowerPoint,https://app.envato.com/search/presentation-templates/94ac28bf-354a-4593-bd58-1f4e865c4b43?itemType=presentation-templates&filter.presentation_templates_applications_supported=PowerPoint,Cloud-browser detail page opened; public preview visually reviewed,0,Not included after visual design/diagram and image-format screening
79,Calmora Mental Care Powerpoint Template,https://app.envato.com/search/presentation-templates/f1342e16-b682-4a3b-861b-37e343e506dd?itemType=presentation-templates&filter.presentation_templates_applications_supported=PowerPoint,Cloud-browser detail page opened; public preview visually reviewed,0,Not included after visual design/diagram and image-format screening
80,Portfolio PowerPoint Template,https://app.envato.com/search/presentation-templates/f9e21bac-99ab-4ddd-aec1-91a2221ded52?itemType=presentation-templates&filter.presentation_templates_applications_supported=PowerPoint,Cloud-browser detail page opened; public preview visually reviewed,4,Selected front-facing preview(s)
81,Minimal Presentation Template,https://app.envato.com/search/presentation-templates/845f4dfa-767c-4b53-9ecc-f5cca0fe2cf2?itemType=presentation-templates&filter.presentation_templates_applications_supported=PowerPoint,Cloud-browser detail page opened; public preview visually reviewed,4,Selected front-facing preview(s)
82,White Colorful Gradient Modern Annual Report 002,https://app.envato.com/search/presentation-templates/64bbace9-6dfe-4304-9e20-eb339d80e96c?itemType=presentation-templates&filter.presentation_templates_applications_supported=PowerPoint,Cloud-browser detail page opened; public preview visually reviewed,0,Not included after visual design/diagram and image-format screening
83,Fashion Portfolio,https://app.envato.com/search/presentation-templates/c40b000b-f375-4db3-89ec-b9b8e121b0c4?itemType=presentation-templates&filter.presentation_templates_applications_supported=PowerPoint,Cloud-browser detail page opened; public preview visually reviewed,0,Not included after visual design/diagram and image-format screening
84,Pyramid Infographics PowerPoint Presentation,https://app.envato.com/search/presentation-templates/3ddca519-eee9-49cd-829b-fa7c8e3c2d8b?itemType=presentation-templates&filter.presentation_templates_applications_supported=PowerPoint,Cloud-browser detail page opened; public preview visually reviewed,0,Not included after visual design/diagram and image-format screening
85,Winter - Powerpoint Template,https://app.envato.com/search/presentation-templates/4784dd3f-1acc-4fa1-b03f-922909ab4fcc?itemType=presentation-templates&filter.presentation_templates_applications_supported=PowerPoint,Cloud-browser detail page opened; public preview visually reviewed,0,Not included after visual design/diagram and image-format screening
86,BOX - Multipurpose PowerPoint Presentation,https://app.envato.com/search/presentation-templates/b701617a-1512-4d2f-813e-5676e3cbc00a?itemType=presentation-templates&filter.presentation_templates_applications_supported=PowerPoint,Cloud-browser detail page opened; public preview visually reviewed,0,Not included after visual design/diagram and image-format screening
87,Business Pitch-Deck,https://app.envato.com/search/presentation-templates/310f09c0-4511-4073-8520-1aec2483be02?itemType=presentation-templates&filter.presentation_templates_applications_supported=PowerPoint,Cloud-browser detail page opened; public preview visually reviewed,0,Not included after visual design/diagram and image-format screening
88,Business Start Up Pitch Deck Presentation,https://app.envato.com/search/presentation-templates/618dc965-3bd2-4f3f-8b41-a13453465697?itemType=presentation-templates&filter.presentation_templates_applications_supported=PowerPoint,Cloud-browser detail page opened; public preview visually reviewed,0,Not included after visual design/diagram and image-format screening
89,Novea - IT Technology PowerPoint Template,https://app.envato.com/search/presentation-templates/82ad3655-7473-48f3-a975-1e619104ea92?itemType=presentation-templates&filter.presentation_templates_applications_supported=PowerPoint,Cloud-browser detail page opened; public preview visually reviewed,0,Not included after visual design/diagram and image-format screening
90,Education School PowerPoint,https://app.envato.com/search/presentation-templates/452bd4d5-490c-48ea-aa13-03b84f571cf2?itemType=presentation-templates&filter.presentation_templates_applications_supported=PowerPoint,Cloud-browser detail page opened; public preview visually reviewed,0,Not included after visual design/diagram and image-format screening
91,Business Plan Creative,https://app.envato.com/search/presentation-templates/619be901-ce29-4401-a416-98049770e78a?itemType=presentation-templates&filter.presentation_templates_applications_supported=PowerPoint,Cloud-browser detail page opened; public preview visually reviewed,2,Selected front-facing preview(s)
92,Red Pitchdeck Google Slides,https://app.envato.com/search/presentation-templates/afc2b630-3469-4fa8-a709-92bb6247e716?itemType=presentation-templates&filter.presentation_templates_applications_supported=PowerPoint,Cloud-browser detail page opened; public preview visually reviewed,3,Selected front-facing preview(s)
93,Genetikaz - Company Profile Powerpoint,https://app.envato.com/search/presentation-templates/5457bb38-30b7-4db4-bffa-71a6b6a5e7a0?itemType=presentation-templates&filter.presentation_templates_applications_supported=PowerPoint,Cloud-browser detail page opened; public preview visually reviewed,0,Not included after visual design/diagram and image-format screening
94,Business Pitch Deck,https://app.envato.com/search/presentation-templates/b1b5af7e-a179-4a08-ae9f-6e3f59284d61?itemType=presentation-templates&filter.presentation_templates_applications_supported=PowerPoint,Cloud-browser detail page opened; public preview visually reviewed,0,Not included after visual design/diagram and image-format screening
95,WIPPITZ - Pitch Deck Powerpoint,https://app.envato.com/search/presentation-templates/d3f928af-9601-4467-87cf-9b6cc64599bd?itemType=presentation-templates&filter.presentation_templates_applications_supported=PowerPoint,Cloud-browser detail page opened; public preview visually reviewed,0,Not included after visual design/diagram and image-format screening
96,Design PowerPoint Template,https://app.envato.com/search/presentation-templates/fdab3e78-6a1c-4d03-a269-4f5d69149378?itemType=presentation-templates&filter.presentation_templates_applications_supported=PowerPoint,Cloud-browser detail page opened; public preview visually reviewed,0,Not included after visual design/diagram and image-format screening
97,Green Ecology Google Slides,https://app.envato.com/search/presentation-templates/d6355b19-1b84-4d8c-a531-acd0a3ff6720?itemType=presentation-templates&filter.presentation_templates_applications_supported=PowerPoint,Cloud-browser detail page opened; public preview visually reviewed,0,Not included after visual design/diagram and image-format screening
98,Cryptocurrency,https://app.envato.com/search/presentation-templates/080bef3a-6c07-4a78-a211-38dfbe5b9be6?itemType=presentation-templates&filter.presentation_templates_applications_supported=PowerPoint,Cloud-browser detail page opened; public preview visually reviewed,0,Not included after visual design/diagram and image-format screening
99,Soccer PowerPoint Template,https://app.envato.com/search/presentation-templates/8e91d1bb-dc16-4e42-b1ae-4eb9d2f1f0e7?itemType=presentation-templates&filter.presentation_templates_applications_supported=PowerPoint,Cloud-browser detail page opened; public preview visually reviewed,0,Not included after visual design/diagram and image-format screening
100,Light Bulb Infographic PowerPoint Template,https://app.envato.com/search/presentation-templates/f058acf1-bfc8-4f75-b73f-4400e3b58cd7?itemType=presentation-templates&filter.presentation_templates_applications_supported=PowerPoint,Cloud-browser detail page opened; public preview visually reviewed,2,Selected front-facing preview(s)
101,B2B Pitch - PowerPoint Template,https://app.envato.com/search/presentation-templates/e6511228-9fca-478b-ab09-7d82f1e1ce44?itemType=presentation-templates&filter.presentation_templates_applications_supported=PowerPoint,Cloud-browser detail page opened; public preview visually reviewed,2,Selected front-facing preview(s)
102,Pitch Deck,https://app.envato.com/search/presentation-templates/e6de6701-f9ed-42f6-ab3c-db9878f96ce0?itemType=presentation-templates&filter.presentation_templates_applications_supported=PowerPoint,Cloud-browser detail page opened; public preview visually reviewed,0,Not included after visual design/diagram and image-format screening
103,Business Deck Blue Presentation Template,https://app.envato.com/search/presentation-templates/aabc70b5-012e-4842-b417-2e0473e299e7?itemType=presentation-templates&filter.presentation_templates_applications_supported=PowerPoint,Cloud-browser detail page opened; public preview visually reviewed,0,Not included after visual design/diagram and image-format screening
104,Fundraising Pitch Deck PowerPoint Presentation,https://app.envato.com/search/presentation-templates/aed2d803-c254-4a6a-babd-6f64673251a8?itemType=presentation-templates&filter.presentation_templates_applications_supported=PowerPoint,Cloud-browser detail page opened; public preview visually reviewed,2,Selected front-facing preview(s)
105,Pitch Vol.3 - Professional Powerpoint Template,https://app.envato.com/search/presentation-templates/dfdb9000-99c7-4fbd-98d0-08fd30272195?itemType=presentation-templates&filter.presentation_templates_applications_supported=PowerPoint,Cloud-browser detail page opened; public preview visually reviewed,2,Selected front-facing preview(s)
106,Ansere - Brandbook Google Slide Template,https://app.envato.com/search/presentation-templates/56f4af87-d5ed-432a-84ff-6d4a7118e6ae?itemType=presentation-templates&filter.presentation_templates_applications_supported=PowerPoint,Cloud-browser detail page opened; public preview visually reviewed,0,Not included after visual design/diagram and image-format screening
107,Brand Proposal PowerPoint,https://app.envato.com/search/presentation-templates/5858b6fa-ae3e-4c17-9d9d-e8436333f287?itemType=presentation-templates&filter.presentation_templates_applications_supported=PowerPoint,Cloud-browser detail page opened; public preview visually reviewed,2,Selected front-facing preview(s)
108,Sales Pitch Deck,https://app.envato.com/search/presentation-templates/be4ba267-d4c3-419f-8c74-24b3a3d5e752?itemType=presentation-templates&filter.presentation_templates_applications_supported=PowerPoint,Cloud-browser detail page opened; public preview visually reviewed,0,Not included after visual design/diagram and image-format screening
109,BUILD UP - Construction Building Powerpoint,https://app.envato.com/search/presentation-templates/6490b313-bb81-4c68-8672-20d6cea0c2b4?itemType=presentation-templates&filter.presentation_templates_applications_supported=PowerPoint,Cloud-browser detail page opened; public preview visually reviewed,0,Not included after visual design/diagram and image-format screening
110,Sustainability Roadmap Business Deck Kit,https://app.envato.com/search/presentation-templates/630b58cc-d9a7-4d36-8f46-d16a1a819513?itemType=presentation-templates&filter.presentation_templates_applications_supported=PowerPoint,Cloud-browser detail page opened; public preview visually reviewed,2,Selected front-facing preview(s)
111,Foundation Presentation,https://app.envato.com/search/presentation-templates/827f9981-e660-4fb3-83ac-5b3f84cc218f?itemType=presentation-templates&filter.presentation_templates_applications_supported=PowerPoint,Cloud-browser detail page opened; public preview visually reviewed,0,Not included after visual design/diagram and image-format screening
112,Social Media Report Google Slides,https://app.envato.com/search/presentation-templates/a1244d20-46a8-4413-9a8b-21347c9a4ba0?itemType=presentation-templates&filter.presentation_templates_applications_supported=PowerPoint,Cloud-browser detail page opened; public preview visually reviewed,4,Selected front-facing preview(s)
113,AlphaCore - Business Innovation PowerPoint,https://app.envato.com/search/presentation-templates/ac4ea124-b2b2-475e-8739-fff5049cfe9c?itemType=presentation-templates&filter.presentation_templates_applications_supported=PowerPoint,Cloud-browser detail page opened; public preview visually reviewed,0,Not included after visual design/diagram and image-format screening
114,Style Powerpoint,https://app.envato.com/search/presentation-templates/a0887672-8acb-4d81-bc3a-e1aabe41a31d?itemType=presentation-templates&filter.presentation_templates_applications_supported=PowerPoint,Cloud-browser detail page opened; public preview visually reviewed,0,Not included after visual design/diagram and image-format screening
115,E-Learning Education Powerpoint Presentation Templ,https://app.envato.com/search/presentation-templates/ac5ee0ce-293e-4910-9649-059768fc678d?itemType=presentation-templates&filter.presentation_templates_applications_supported=PowerPoint,Cloud-browser detail page opened; public preview visually reviewed,0,Not included after visual design/diagram and image-format screening
116,Swimming Powerpoint Template,https://app.envato.com/search/presentation-templates/967b2050-4052-47e6-aaaa-59f27cf0e859?itemType=presentation-templates&filter.presentation_templates_applications_supported=PowerPoint,Cloud-browser detail page opened; public preview visually reviewed,0,Not included after visual design/diagram and image-format screening
117,"Nivara : Conference, Seminar, Event Powerpoint",https://app.envato.com/search/presentation-templates/ee6034e7-dd0c-4f1d-9411-773e2b08cf18?itemType=presentation-templates&filter.presentation_templates_applications_supported=PowerPoint,Cloud-browser detail page opened; public preview visually reviewed,0,Not included after visual design/diagram and image-format screening
118,Businac - Real Estate Presentation template,https://app.envato.com/search/presentation-templates/fecbaaec-f706-4d4f-ad43-bde97e18d389?itemType=presentation-templates&filter.presentation_templates_applications_supported=PowerPoint,Cloud-browser detail page opened; public preview visually reviewed,0,Not included after visual design/diagram and image-format screening
119,Doodle 3D Sphere Infographic PowerPoint,https://app.envato.com/search/presentation-templates/bad3f2b3-a4bd-4199-bee1-9e8c3ec4764a?itemType=presentation-templates&filter.presentation_templates_applications_supported=PowerPoint,Cloud-browser detail page opened; public preview visually reviewed,2,Selected front-facing preview(s)
120,Podcastry — Podcast Powerpoint Template,https://app.envato.com/search/presentation-templates/085ff67d-1895-4de2-923f-923aa73271c6?itemType=presentation-templates&filter.presentation_templates_applications_supported=PowerPoint,Cloud-browser detail page opened; public preview visually reviewed,0,Not included after visual design/diagram and image-format screening
121,Marketing Plan Presentation Template,https://app.envato.com/search/presentation-templates/9fac786c-938f-446b-9b1e-483ebbbedcbf?itemType=presentation-templates&filter.presentation_templates_applications_supported=PowerPoint,Cloud-browser detail page opened; public preview visually reviewed,0,Not included after visual design/diagram and image-format screening
122,Business Growth,https://app.envato.com/search/presentation-templates/4c206cab-c12b-414b-9ec8-c8a7d085997a?itemType=presentation-templates&filter.presentation_templates_applications_supported=PowerPoint,Cloud-browser detail page opened; public preview visually reviewed,0,Not included after visual design/diagram and image-format screening
123,Blavc - Business Google Slide Template,https://app.envato.com/search/presentation-templates/f91521d7-eeae-42f2-91c4-df0c298467c5?itemType=presentation-templates&filter.presentation_templates_applications_supported=PowerPoint,Cloud-browser detail page opened; public preview visually reviewed,0,Not included after visual design/diagram and image-format screening
124,Personal Branding Google Slides,https://app.envato.com/search/presentation-templates/eeac4f73-752c-4966-a094-81c02bd3271e?itemType=presentation-templates&filter.presentation_templates_applications_supported=PowerPoint,Cloud-browser detail page opened; public preview visually reviewed,0,Not included after visual design/diagram and image-format screening
125,About Us,https://app.envato.com/search/presentation-templates/f7ba3b5c-9558-40c3-960b-5dea37ac7080?itemType=presentation-templates&filter.presentation_templates_applications_supported=PowerPoint,Cloud-browser detail page opened; public preview visually reviewed,0,Not included after visual design/diagram and image-format screening
126,Bqaxo : Plant Business Powerpoint,https://app.envato.com/search/presentation-templates/f25a8ab6-de90-4979-8a3c-e97010116d80?itemType=presentation-templates&filter.presentation_templates_applications_supported=PowerPoint,Cloud-browser detail page opened; public preview visually reviewed,0,Not included after visual design/diagram and image-format screening
127,Brand Guideline Presentation Template,https://app.envato.com/search/presentation-templates/eeec43d6-7479-4b57-a877-694f34ff76ef?itemType=presentation-templates&filter.presentation_templates_applications_supported=PowerPoint,Cloud-browser detail page opened; public preview visually reviewed,5,Selected front-facing preview(s)
128,Diving PowerPoint Presentation,https://app.envato.com/search/presentation-templates/f8738f42-4afd-4837-be13-d2631a7d06a1?itemType=presentation-templates&filter.presentation_templates_applications_supported=PowerPoint,Cloud-browser detail page opened; public preview visually reviewed,0,Not included after visual design/diagram and image-format screening
129,Sales Strategy PowerPoint,https://app.envato.com/search/presentation-templates/0469e991-f63e-4373-b97b-fce35fe90db7?itemType=presentation-templates&filter.presentation_templates_applications_supported=PowerPoint,Cloud-browser detail page opened; public preview visually reviewed,0,Not included after visual design/diagram and image-format screening
130,SelfPortof Portfolio Presentation PowerPoint,https://app.envato.com/search/presentation-templates/caef4732-7c12-4400-8feb-b7e5f42a3d7e?itemType=presentation-templates&filter.presentation_templates_applications_supported=PowerPoint,Cloud-browser detail page opened; public preview visually reviewed,0,Not included after visual design/diagram and image-format screening
131,Impact – education & school Powerpoint Template,https://app.envato.com/search/presentation-templates/052292e7-dc32-44b7-be1d-23aa6d85cd16?itemType=presentation-templates&filter.presentation_templates_applications_supported=PowerPoint,Cloud-browser detail page opened; public preview visually reviewed,0,Not included after visual design/diagram and image-format screening
132,Project Pitch Deck,https://app.envato.com/search/presentation-templates/27a0ec85-e395-4c03-8d45-f6097f04076b?itemType=presentation-templates&filter.presentation_templates_applications_supported=PowerPoint,Cloud-browser detail page opened; public preview visually reviewed,0,Not included after visual design/diagram and image-format screening
133,Scaperdon - Architecture Powerpoint Template,https://app.envato.com/search/presentation-templates/13e5502a-37ae-458b-814d-25f864892187?itemType=presentation-templates&filter.presentation_templates_applications_supported=PowerPoint,Cloud-browser detail page opened; public preview visually reviewed,0,Not included after visual design/diagram and image-format screening
134,Risk Analysis,https://app.envato.com/search/presentation-templates/a0088935-fe6c-48a0-8676-9dd597767427?itemType=presentation-templates&filter.presentation_templates_applications_supported=PowerPoint,Cloud-browser detail page opened; public preview visually reviewed,0,Not included after visual design/diagram and image-format screening
135,Brush Shape Design,https://app.envato.com/search/presentation-templates/07d225c0-6c4c-40ed-9778-028eb7e0610d?itemType=presentation-templates&filter.presentation_templates_applications_supported=PowerPoint,Cloud-browser detail page opened; public preview visually reviewed,0,Not included after visual design/diagram and image-format screening
136,Security Crime Powerpoint,https://app.envato.com/search/presentation-templates/c23a2da6-c488-455d-8910-8a0c105db4d1?itemType=presentation-templates&filter.presentation_templates_applications_supported=PowerPoint,Cloud-browser detail page opened; public preview visually reviewed,0,Not included after visual design/diagram and image-format screening
137,Real Estate Presentation Template,https://app.envato.com/search/presentation-templates/1d21d5e3-cd9d-49e6-83ae-4197c9089c25?itemType=presentation-templates&filter.presentation_templates_applications_supported=PowerPoint,Cloud-browser detail page opened; public preview visually reviewed,0,Not included after visual design/diagram and image-format screening
138,Convo - Conference Powerpoint,https://app.envato.com/search/presentation-templates/fd0c41d7-34b6-4df4-b9db-7f8323fa5b3e?itemType=presentation-templates&filter.presentation_templates_applications_supported=PowerPoint,Cloud-browser detail page opened; public preview visually reviewed,0,Not included after visual design/diagram and image-format screening
139,Makeup Beauty,https://app.envato.com/search/presentation-templates/fde0175f-68e0-4d23-a8d1-2c3ecfbe5cc8?itemType=presentation-templates&filter.presentation_templates_applications_supported=PowerPoint,Cloud-browser detail page opened; public preview visually reviewed,0,Not included after visual design/diagram and image-format screening
140,Purpose Business Presentation PowerPoint Template,https://app.envato.com/search/presentation-templates/2860448f-7ff0-4ff0-9bf6-57450e0a7408?itemType=presentation-templates&filter.presentation_templates_applications_supported=PowerPoint,Cloud-browser detail page opened; public preview visually reviewed,0,Not included after visual design/diagram and image-format screening
141,Green Minimalist Agency Branding,https://app.envato.com/search/presentation-templates/e7614de1-c6d0-49cc-9e28-1a2e9871c70e?itemType=presentation-templates&filter.presentation_templates_applications_supported=PowerPoint,Cloud-browser detail page opened; public preview visually reviewed,0,Not included after visual design/diagram and image-format screening
142,Company Profile,https://app.envato.com/search/presentation-templates/df58b866-a8ff-4c2e-bf61-16cf023bf12e?itemType=presentation-templates&filter.presentation_templates_applications_supported=PowerPoint,Cloud-browser detail page opened; public preview visually reviewed,0,Not included after visual design/diagram and image-format screening
143,Legal Brief PowerPoint,https://app.envato.com/search/presentation-templates/3c1c0ba0-9ff6-45ca-a93e-81a2e066b09b?itemType=presentation-templates&filter.presentation_templates_applications_supported=PowerPoint,Cloud-browser detail page opened; public preview visually reviewed,3,Selected front-facing preview(s)
144,Company SOP PowerPoint,https://app.envato.com/search/presentation-templates/5114c598-a03a-464e-9c45-b5fb5fda39a6?itemType=presentation-templates&filter.presentation_templates_applications_supported=PowerPoint,Cloud-browser detail page opened; public preview visually reviewed,0,Not included after visual design/diagram and image-format screening
145,Green Dashboards Keynote Presentation Template,https://app.envato.com/search/presentation-templates/5f5e631b-dbdb-4375-b573-04da86d7db90?itemType=presentation-templates&filter.presentation_templates_applications_supported=PowerPoint,Cloud-browser detail page opened; public preview visually reviewed,3,Selected front-facing preview(s)
146,Public Speaker,https://app.envato.com/search/presentation-templates/e764af70-1424-4a15-b694-a33c0a0d69d5?itemType=presentation-templates&filter.presentation_templates_applications_supported=PowerPoint,Cloud-browser detail page opened; public preview visually reviewed,0,Not included after visual design/diagram and image-format screening
147,Portfolio Resume,https://app.envato.com/search/presentation-templates/67924be8-1d47-46e1-a77a-5358ed72e461?itemType=presentation-templates&filter.presentation_templates_applications_supported=PowerPoint,Cloud-browser detail page opened; public preview visually reviewed,0,Not included after visual design/diagram and image-format screening
148,Care - PetShop Powerpoint Template,https://app.envato.com/search/presentation-templates/99f4ce06-5b14-4d8d-9f56-2a4bc4fd3272?itemType=presentation-templates&filter.presentation_templates_applications_supported=PowerPoint,Cloud-browser detail page opened; public preview visually reviewed,0,Not included after visual design/diagram and image-format screening
149,Brand Guideline Powerpoint Template,https://app.envato.com/search/presentation-templates/7b12e237-f2b8-413e-9e81-7825e85c26a3?itemType=presentation-templates&filter.presentation_templates_applications_supported=PowerPoint,Cloud-browser detail page opened; public preview visually reviewed,0,Not included after visual design/diagram and image-format screening
150,Ithelent - Business PowerPoint Template,https://app.envato.com/search/presentation-templates/cf940c17-1d7b-4125-aba4-300d57c372ed?itemType=presentation-templates&filter.presentation_templates_applications_supported=PowerPoint,Cloud-browser detail page opened; public preview visually reviewed,0,Not included after visual design/diagram and image-format screening
151,Business Time Management PowerPoint Infographics,https://app.envato.com/search/presentation-templates/d09df463-a658-4a66-8b96-65d129eeebcf?itemType=presentation-templates&filter.presentation_templates_applications_supported=PowerPoint,Cloud-browser detail page opened; public preview visually reviewed,3,Selected front-facing preview(s)
152,Brand Guideline Template,https://app.envato.com/search/presentation-templates/a26e0dbd-f521-43ed-a88d-6d980ba4c6d0?itemType=presentation-templates&filter.presentation_templates_applications_supported=PowerPoint,Cloud-browser detail page opened; public preview visually reviewed,6,Selected front-facing preview(s)
153,Majors - Business Presentation Template,https://app.envato.com/search/presentation-templates/f1d724dd-0997-4a07-b33a-3c9b2b70e86c?itemType=presentation-templates&filter.presentation_templates_applications_supported=PowerPoint,Cloud-browser detail page opened; public preview visually reviewed,0,Not included after visual design/diagram and image-format screening
154,Company Profile Presentation PowerPoint Templates,https://app.envato.com/search/presentation-templates/fddeaada-0189-4ac6-9881-21045ce6c946?itemType=presentation-templates&filter.presentation_templates_applications_supported=PowerPoint,Cloud-browser detail page opened; public preview visually reviewed,0,Not included after visual design/diagram and image-format screening
155,The Professional Corporate Pitch Deck,https://app.envato.com/search/presentation-templates/44207741-41a4-4cb3-8631-dd7d4444059f?itemType=presentation-templates&filter.presentation_templates_applications_supported=PowerPoint,Cloud-browser detail page opened; public preview visually reviewed,0,Not included after visual design/diagram and image-format screening
156,Winbreeze - Business Google Slide Template,https://app.envato.com/search/presentation-templates/cb0a4253-744f-45f3-8f2b-4d14493dcc3f?itemType=presentation-templates&filter.presentation_templates_applications_supported=PowerPoint,Cloud-browser detail page opened; public preview visually reviewed,0,Not included after visual design/diagram and image-format screening
157,Green Energy Presentation,https://app.envato.com/search/presentation-templates/240cc3d1-0838-4dbd-b2d0-c20cc6625046?itemType=presentation-templates&filter.presentation_templates_applications_supported=PowerPoint,Cloud-browser detail page opened; public preview visually reviewed,0,Not included after visual design/diagram and image-format screening
158,Bank Finance,https://app.envato.com/search/presentation-templates/4b4abad5-48bb-441f-b0c1-e210a338f6a7?itemType=presentation-templates&filter.presentation_templates_applications_supported=PowerPoint,Cloud-browser detail page opened; public preview visually reviewed,0,Not included after visual design/diagram and image-format screening
159,Education Presentation Google Slide Template,https://app.envato.com/search/presentation-templates/b78bbff9-7edd-42e6-b7b8-3623fe7ff3e7?itemType=presentation-templates&filter.presentation_templates_applications_supported=PowerPoint,Cloud-browser detail page opened; public preview visually reviewed,0,Not included after visual design/diagram and image-format screening
160,Red White Fashion Brand Swiss Style Powerpoint,https://app.envato.com/search/presentation-templates/f21757f8-ad9e-40d0-a05c-6b44bb75981f?itemType=presentation-templates&filter.presentation_templates_applications_supported=PowerPoint,Cloud-browser detail page opened; public preview visually reviewed,1,Selected front-facing preview(s)
161,Timeline Infographic Presentation V.1,https://app.envato.com/search/presentation-templates/fdf291d1-575e-4a98-be05-bbae51130838?itemType=presentation-templates&filter.presentation_templates_applications_supported=PowerPoint,Cloud-browser detail page opened; public preview visually reviewed,0,Not included after visual design/diagram and image-format screening
162,Comparison Infographic Presentation PowerPoint,https://app.envato.com/search/presentation-templates/4e7c7515-851c-4acd-b26f-ec98059742dd?itemType=presentation-templates&filter.presentation_templates_applications_supported=PowerPoint,Cloud-browser detail page opened; public preview visually reviewed,1,Selected front-facing preview(s)
163,Work Management,https://app.envato.com/search/presentation-templates/502a7640-1f73-4a2c-afdb-5c69a84826e4?itemType=presentation-templates&filter.presentation_templates_applications_supported=PowerPoint,Cloud-browser detail page opened; public preview visually reviewed,0,Not included after visual design/diagram and image-format screening
164,Zonesa - Business Template Prensentation,https://app.envato.com/search/presentation-templates/fd9caafd-9a78-4c8b-8388-7094812ab018?itemType=presentation-templates&filter.presentation_templates_applications_supported=PowerPoint,Cloud-browser detail page opened; public preview visually reviewed,0,Not included after visual design/diagram and image-format screening
165,Brand Strategy Presentation Template,https://app.envato.com/search/presentation-templates/5d7b2ca2-ceaa-4e7d-afa3-e62d41266175?itemType=presentation-templates&filter.presentation_templates_applications_supported=PowerPoint,Cloud-browser detail page opened; public preview visually reviewed,2,Selected front-facing preview(s)
166,Venn Diagram Infographic,https://app.envato.com/search/presentation-templates/71e0040c-e059-4206-8af7-35c66265dd0b?itemType=presentation-templates&filter.presentation_templates_applications_supported=PowerPoint,Cloud-browser detail page opened; public preview visually reviewed,0,Not included after visual design/diagram and image-format screening
167,Modern Horizontal Timeline PowerPoint Template,https://app.envato.com/search/presentation-templates/5e883b75-ed71-4cd3-8cb0-dcdc62d57793?itemType=presentation-templates&filter.presentation_templates_applications_supported=PowerPoint,Cloud-browser detail page opened; public preview visually reviewed,1,Selected front-facing preview(s)
168,Good Vibes - Music & Disc Jockey PowerPoint,https://app.envato.com/search/presentation-templates/726a51fc-1bb1-4f98-9771-17309937e14a?itemType=presentation-templates&filter.presentation_templates_applications_supported=PowerPoint,Cloud-browser detail page opened; public preview visually reviewed,0,Not included after visual design/diagram and image-format screening
169,Academic Research - Education Powerpoint Templates,https://app.envato.com/search/presentation-templates/8ca74560-8960-4208-b9b7-583f2aef7ddb?itemType=presentation-templates&filter.presentation_templates_applications_supported=PowerPoint,Cloud-browser detail page opened; public preview visually reviewed,0,Not included after visual design/diagram and image-format screening
170,Water PowerPoint Presentation Infographic Template,https://app.envato.com/search/presentation-templates/8a2a9045-1f1c-40d1-aa24-1b3863a6f19b?itemType=presentation-templates&filter.presentation_templates_applications_supported=PowerPoint,Cloud-browser detail page opened; public preview visually reviewed,0,Not included after visual design/diagram and image-format screening
171,Business Transformation,https://app.envato.com/search/presentation-templates/aadeb668-c7a1-4565-9436-cdbe021a4567?itemType=presentation-templates&filter.presentation_templates_applications_supported=PowerPoint,Cloud-browser detail page opened; public preview visually reviewed,0,Not included after visual design/diagram and image-format screening
172,Cloro Google Slides Template,https://app.envato.com/search/presentation-templates/69eaed59-3b26-463d-a302-5cc40e2daa81?itemType=presentation-templates&filter.presentation_templates_applications_supported=PowerPoint,Cloud-browser detail page opened; public preview visually reviewed,0,Not included after visual design/diagram and image-format screening
173,Oil and Gas,https://app.envato.com/search/presentation-templates/6ca1673e-45f8-4707-ad9f-4d74ba4cc9b5?itemType=presentation-templates&filter.presentation_templates_applications_supported=PowerPoint,Cloud-browser detail page opened; public preview visually reviewed,0,Not included after visual design/diagram and image-format screening
174,Wind Infographic - Powerpoint Template,https://app.envato.com/search/presentation-templates/6ff16da8-9f9c-4258-93df-97b63e120dd2?itemType=presentation-templates&filter.presentation_templates_applications_supported=PowerPoint,Cloud-browser detail page opened; public preview visually reviewed,2,Selected front-facing preview(s)
175,Television Presentation,https://app.envato.com/search/presentation-templates/6efbb68c-b71e-4c09-af92-f4e19478c76a?itemType=presentation-templates&filter.presentation_templates_applications_supported=PowerPoint,Cloud-browser detail page opened; public preview visually reviewed,0,Not included after visual design/diagram and image-format screening
176,Luxury Jewelry,https://app.envato.com/search/presentation-templates/778c10da-491b-496d-bf97-263389002914?itemType=presentation-templates&filter.presentation_templates_applications_supported=PowerPoint,Cloud-browser detail page opened; public preview visually reviewed,0,Not included after visual design/diagram and image-format screening
177,Creative PowerPoint Presentation,https://app.envato.com/search/presentation-templates/7d67edd4-b160-4438-8d44-570d3856a345?itemType=presentation-templates&filter.presentation_templates_applications_supported=PowerPoint,Cloud-browser detail page opened; public preview visually reviewed,0,Not included after visual design/diagram and image-format screening
178,Halloween Festival Presentation Template,https://app.envato.com/search/presentation-templates/5747de1f-dfb1-438b-8ee2-95a8a30783d1?itemType=presentation-templates&filter.presentation_templates_applications_supported=PowerPoint,Cloud-browser detail page opened; public preview visually reviewed,0,Not included after visual design/diagram and image-format screening
179,Finance Report PowerPoint Template,https://app.envato.com/search/presentation-templates/a959e24f-35eb-4d90-9da2-eddb586d55e2?itemType=presentation-templates&filter.presentation_templates_applications_supported=PowerPoint,Cloud-browser detail page opened; public preview visually reviewed,0,Not included after visual design/diagram and image-format screening
180,Pink Green Digital Creative Marketing PPT,https://app.envato.com/search/presentation-templates/b7079028-57da-40dd-8e68-f7f2d2601864?itemType=presentation-templates&filter.presentation_templates_applications_supported=PowerPoint,Cloud-browser detail page opened; public preview visually reviewed,1,Selected front-facing preview(s)
181,Project Timeline Powerpoint,https://app.envato.com/search/presentation-templates/98876295-b67e-4a62-b35a-73eebd65c667?itemType=presentation-templates&filter.presentation_templates_applications_supported=PowerPoint,Cloud-browser detail page opened; public preview visually reviewed,0,Not included after visual design/diagram and image-format screening
182,Aimer - Girls Fashion PowerPoint,https://app.envato.com/search/presentation-templates/d2d636f3-5a1e-4250-abde-8fa80b80ad19?itemType=presentation-templates&filter.presentation_templates_applications_supported=PowerPoint,Cloud-browser detail page opened; public preview visually reviewed,0,Not included after visual design/diagram and image-format screening
183,HR Management,https://app.envato.com/search/presentation-templates/f70f1604-e54a-4472-8e2c-42c4b7ca8c34?itemType=presentation-templates&filter.presentation_templates_applications_supported=PowerPoint,Cloud-browser detail page opened; public preview visually reviewed,0,Not included after visual design/diagram and image-format screening
184,House Interior Presentation,https://app.envato.com/search/presentation-templates/c056e6c6-9ff2-4a40-a4ac-cfb9f1ed7700?itemType=presentation-templates&filter.presentation_templates_applications_supported=PowerPoint,Cloud-browser detail page opened; public preview visually reviewed,0,Not included after visual design/diagram and image-format screening
185,Thesis Research,https://app.envato.com/search/presentation-templates/c1575201-5643-48ea-aaaa-3415a4a98121?itemType=presentation-templates&filter.presentation_templates_applications_supported=PowerPoint,Cloud-browser detail page opened; public preview visually reviewed,0,Not included after visual design/diagram and image-format screening
186,Business Executive Summary PowerPoint Infographics,https://app.envato.com/search/presentation-templates/bdaa5516-0ad9-46b2-80bf-e038635ddddd?itemType=presentation-templates&filter.presentation_templates_applications_supported=PowerPoint,Cloud-browser detail page opened; public preview visually reviewed,0,Not included after visual design/diagram and image-format screening
187,Neon Green Omnichannel,https://app.envato.com/search/presentation-templates/180e9ccb-5912-4d5c-a567-f11da5d69e2e?itemType=presentation-templates&filter.presentation_templates_applications_supported=PowerPoint,Cloud-browser detail page opened; public preview visually reviewed,0,Not included after visual design/diagram and image-format screening
188,Travel Agency PowerPoint Template,https://app.envato.com/search/presentation-templates/e51f3c93-5a1c-4ad4-9feb-52a21b97d120?itemType=presentation-templates&filter.presentation_templates_applications_supported=PowerPoint,Cloud-browser detail page opened; public preview visually reviewed,0,Not included after visual design/diagram and image-format screening
189,Clean Five Presentation,https://app.envato.com/search/presentation-templates/8730f558-fd42-4b39-81ea-e2655c46a6eb?itemType=presentation-templates&filter.presentation_templates_applications_supported=PowerPoint,Cloud-browser detail page opened; public preview visually reviewed,0,Not included after visual design/diagram and image-format screening
190,Saigetsu - Food Business PowerPoint,https://app.envato.com/search/presentation-templates/7b64690e-50ec-4b9e-b288-3cb4703a1831?itemType=presentation-templates&filter.presentation_templates_applications_supported=PowerPoint,Cloud-browser detail page opened; public preview visually reviewed,0,Not included after visual design/diagram and image-format screening
191,Filmaker Studio,https://app.envato.com/search/presentation-templates/cf369875-c475-4841-82b9-b5cf1c8a9e43?itemType=presentation-templates&filter.presentation_templates_applications_supported=PowerPoint,Cloud-browser detail page opened; public preview visually reviewed,0,Not included after visual design/diagram and image-format screening
192,Investor PowerPoint,https://app.envato.com/search/presentation-templates/d634dd5a-bab6-45ca-80b2-73d43b50697d?itemType=presentation-templates&filter.presentation_templates_applications_supported=PowerPoint,Cloud-browser detail page opened; public preview visually reviewed,0,Not included after visual design/diagram and image-format screening
193,Healthcare Company,https://app.envato.com/search/presentation-templates/2a85e0c9-f752-4f7f-a992-63d15df1d42d?itemType=presentation-templates&filter.presentation_templates_applications_supported=PowerPoint,Cloud-browser detail page opened; public preview visually reviewed,0,Not included after visual design/diagram and image-format screening
194,Interactive Pitch Deck,https://app.envato.com/search/presentation-templates/29291d57-5519-486d-9a0f-cb4d325713e3?itemType=presentation-templates&filter.presentation_templates_applications_supported=PowerPoint,Cloud-browser detail page opened; public preview visually reviewed,1,Selected front-facing preview(s)
195,Budget Plan,https://app.envato.com/search/presentation-templates/87563a4a-3bf7-4f59-a6cc-38ea8ecde324?itemType=presentation-templates&filter.presentation_templates_applications_supported=PowerPoint,Cloud-browser detail page opened; public preview visually reviewed,0,Not included after visual design/diagram and image-format screening
196,Sarasota - Business Coaching Presentation P-Point,https://app.envato.com/search/presentation-templates/f65ff6d0-5ae8-49d6-ad8e-d7fd26ab1e96?itemType=presentation-templates&filter.presentation_templates_applications_supported=PowerPoint,Cloud-browser detail page opened; public preview visually reviewed,0,Not included after visual design/diagram and image-format screening
197,Pitch Sports,https://app.envato.com/search/presentation-templates/d39bac54-5dff-4179-a379-175e1cb96900?itemType=presentation-templates&filter.presentation_templates_applications_supported=PowerPoint,Cloud-browser detail page opened; public preview visually reviewed,0,Not included after visual design/diagram and image-format screening
198,Rexis –Travel Agency PowerPoint,https://app.envato.com/search/presentation-templates/626536e0-9ade-4f61-a151-d0be977565be?itemType=presentation-templates&filter.presentation_templates_applications_supported=PowerPoint,Cloud-browser detail page opened; public preview visually reviewed,0,Not included after visual design/diagram and image-format screening
199,Health Insurance Presentation,https://app.envato.com/search/presentation-templates/90457cfb-b94c-46d0-bb21-c93ade4c4f67?itemType=presentation-templates&filter.presentation_templates_applications_supported=PowerPoint,Cloud-browser detail page opened; public preview visually reviewed,0,Not included after visual design/diagram and image-format screening
200,Abstract Pitchdeck - Powerpoint Template,https://app.envato.com/search/presentation-templates/e212d3d9-bdf2-453e-baed-b342c99d8067?itemType=presentation-templates&filter.presentation_templates_applications_supported=PowerPoint,Cloud-browser detail page opened; public preview visually reviewed,0,Not included after visual design/diagram and image-format screening
201,Timeline Milestone,https://app.envato.com/search/presentation-templates/f1ca9325-303a-430a-af33-742032547c99?itemType=presentation-templates&filter.presentation_templates_applications_supported=PowerPoint,Cloud-browser detail page opened; public preview visually reviewed,0,Not included after visual design/diagram and image-format screening
202,Education Presentation Template,https://app.envato.com/search/presentation-templates/e36fe62a-9136-47b8-8bb8-2b564cfccf7b?itemType=presentation-templates&filter.presentation_templates_applications_supported=PowerPoint,Cloud-browser detail page opened; public preview visually reviewed,0,Not included after visual design/diagram and image-format screening
203,Valentine's Day,https://app.envato.com/search/presentation-templates/87c68466-60b7-4336-a991-8036fb8707b3?itemType=presentation-templates&filter.presentation_templates_applications_supported=PowerPoint,Cloud-browser detail page opened; public preview visually reviewed,0,Not included after visual design/diagram and image-format screening
204,Video Production PowerPoint,https://app.envato.com/search/presentation-templates/4354f142-ee03-4381-8115-ed37874200bc?itemType=presentation-templates&filter.presentation_templates_applications_supported=PowerPoint,Cloud-browser detail page opened; public preview visually reviewed,0,Not included after visual design/diagram and image-format screening
205,Creative Deck - Business Powerpoint Templates,https://app.envato.com/search/presentation-templates/887a4ac6-c8c5-4aca-b30e-0fed8275485d?itemType=presentation-templates&filter.presentation_templates_applications_supported=PowerPoint,Cloud-browser detail page opened; public preview visually reviewed,0,Not included after visual design/diagram and image-format screening
