level	page_num	block_num	par_num	line_num	word_num	left	top	width	height	conf	text
1	1	0	0	0	0	0	0	2980	1675	-1	
2	1	1	0	0	0	1332	235	680	106	-1	
3	1	1	1	0	0	1332	235	680	106	-1	
4	1	1	1	1	0	1332	235	680	106	-1	
5	1	1	1	1	1	1332	235	315	83	96.775688	Which
5	1	1	1	1	2	1675	235	337	106	96.812798	Option
2	1	2	0	0	0	1336	370	1114	81	-1	
3	1	2	1	0	0	1336	370	1114	81	-1	
4	1	2	1	1	0	1336	370	1114	81	-1	
5	1	2	1	1	1	1336	371	703	80	96.391418	Demonstrates
5	1	2	1	1	2	2068	370	382	81	96.516068	Greater
2	1	3	0	0	0	1334	503	1241	82	-1	
3	1	3	1	0	0	1334	503	1241	82	-1	
4	1	3	1	1	0	1334	503	1241	82	-1	
5	1	3	1	1	1	1334	503	488	82	95.922653	Statistical
5	1	3	1	1	2	1855	503	720	82	96.108177	Effectiveness?
2	1	4	0	0	0	620	599	38	83	-1	
3	1	4	1	0	0	620	599	38	83	-1	
4	1	4	1	1	0	620	599	38	83	-1	
5	1	4	1	1	1	620	599	38	83	89.358398	4
2	1	5	0	0	0	861	874	100	51	-1	
3	1	5	1	0	0	861	874	100	51	-1	
4	1	5	1	1	0	861	874	100	51	-1	
5	1	5	1	1	1	861	880	17	45	42.397659	y
5	1	5	1	1	2	932	874	29	33	0.000000	\
2	1	6	0	0	0	1690	1191	68	30	-1	
3	1	6	1	0	0	1690	1191	68	30	-1	
4	1	6	1	1	0	1690	1191	68	30	-1	
5	1	6	1	1	1	1690	1191	68	30	28.445831	aan
5	1	6	1	1	2	1751	1176	9	49	28.445831	|
2	1	7	0	0	0	1547	1205	47	84	-1	
3	1	7	1	0	0	1547	1205	47	84	-1	
4	1	7	1	1	0	1547	1205	47	84	-1	
5	1	7	1	1	1	1547	1205	47	84	66.765488	y
2	1	8	0	0	0	1891	1151	151	93	-1	
3	1	8	1	0	0	1891	1151	151	93	-1	
4	1	8	1	1	0	1891	1151	151	93	-1	
5	1	8	1	1	1	1891	1152	29	7	43.109703	=
2	1	9	0	0	0	466	1168	494	191	-1	
3	1	9	1	0	0	466	1168	494	191	-1	
4	1	9	1	1	0	466	1168	494	191	-1	
5	1	9	1	1	1	466	1168	494	191	41.828083	Ss,
2	1	10	0	0	0	1747	1313	33	39	-1	
3	1	10	1	0	0	1747	1313	33	39	-1	
4	1	10	1	1	0	1747	1313	33	39	-1	
5	1	10	1	1	1	1747	1313	33	39	23.184135	\
2	1	11	0	0	0	398	1458	96	28	-1	
3	1	11	1	0	0	398	1458	96	28	-1	
4	1	11	1	1	0	398	1458	96	28	-1	
5	1	11	1	1	1	398	1458	96	28	0.000000	e2e*
2	1	12	0	0	0	410	1444	27	25	-1	
3	1	12	1	0	0	410	1444	27	25	-1	
4	1	12	1	1	0	410	1444	27	25	-1	
5	1	12	1	1	1	410	1444	27	25	30.582474	=
2	1	13	0	0	0	421	1377	250	109	-1	
3	1	13	1	0	0	421	1377	250	109	-1	
4	1	13	1	1	0	421	1377	250	109	-1	
5	1	13	1	1	1	421	1377	250	109	40.922699	LN
2	1	14	0	0	0	1328	1278	302	236	-1	
3	1	14	1	0	0	1328	1278	302	236	-1	
4	1	14	1	1	0	1328	1278	302	236	-1	
5	1	14	1	1	1	1328	1278	302	236	69.933014	4
2	1	15	0	0	0	1766	1437	204	59	-1	
3	1	15	1	0	0	1766	1437	204	59	-1	
4	1	15	1	1	0	1766	1437	204	59	-1	
5	1	15	1	1	1	1766	1465	8	22	81.106903	,
5	1	15	1	1	2	1821	1437	149	59	81.487885	Sys
2	1	16	0	0	0	2501	1507	63	10	-1	
3	1	16	1	0	0	2501	1507	63	10	-1	
4	1	16	1	1	0	2501	1507	63	10	-1	
5	1	16	1	1	1	2501	1507	63	10	56.642246	rs
