review_id,original_path,category,decision,visual_review_reason
13,images/EAG3JCyI6z0/011.jpg,chart,KEEP,"Clear comparisons, readable chart structure and balanced layout"
14,images/EAG3JCyI6z0/012.jpg,chart,KEEP,"Clear comparisons, readable chart structure and balanced layout"
19,images/EAGsd5UYM9g/001.jpg,excluded,EXCLUDE,Insufficient clarity or visual quality for the additional reference set
20,images/EAGsd5UYM9g/002.jpg,excluded,EXCLUDE,Insufficient clarity or visual quality for the additional reference set
21,images/EAGsd5UYM9g/007.jpg,excluded,EXCLUDE,Insufficient clarity or visual quality for the additional reference set
36,images/EAFq15XSWGs/012.jpg,diagram,KEEP,Clear sequence or relationships and coherent visual hierarchy
61,images/EAHMuu_eo2A/006.jpg,excluded,EXCLUDE,Insufficient clarity or visual quality for the additional reference set
63,images/EAHMuu_eo2A/010.jpg,excluded,EXCLUDE,Insufficient clarity or visual quality for the additional reference set
87,images/EAGWZ6HNfGM/004.jpg,diagram,KEEP,Clear sequence or relationships and coherent visual hierarchy
105,images/EAG0W-oOzeM/001.jpg,diagram,KEEP,Clear sequence or relationships and coherent visual hierarchy
107,images/EAG0W-oOzeM/002.jpg,diagram,KEEP,Clear sequence or relationships and coherent visual hierarchy
110,images/EAG0W-oOzeM/003.jpg,diagram,KEEP,Clear sequence or relationships and coherent visual hierarchy
112,images/EAG0W-oOzeM/004.jpg,diagram,KEEP,Clear sequence or relationships and coherent visual hierarchy
114,images/EAG0W-oOzeM/007.jpg,diagram,KEEP,Clear sequence or relationships and coherent visual hierarchy
115,images/EAG0W-oOzeM/009.jpg,table_matrix,KEEP,Clear comparison groups and consistent alignment
117,images/EAHKMadbz5k/003.jpg,excluded,EXCLUDE,Insufficient clarity or visual quality for the additional reference set
118,images/EAG0W-oOzeM/010.jpg,excluded,EXCLUDE,Insufficient clarity or visual quality for the additional reference set
121,images/EAHCS1vska0/006.jpg,diagram,KEEP,Clear sequence or relationships and coherent visual hierarchy
122,images/EAG479VaQSU/008.jpg,diagram,KEEP,Clear sequence or relationships and coherent visual hierarchy
124,images/EAG479VaQSU/009.jpg,diagram,KEEP,Clear sequence or relationships and coherent visual hierarchy
125,images/EAHCS1vska0/007.jpg,diagram,KEEP,Clear sequence or relationships and coherent visual hierarchy
126,images/EAFuR0vqXxc/007.jpg,excluded,EXCLUDE,Insufficient clarity or visual quality for the additional reference set
130,images/EAFuR0vqXxc/014.jpg,diagram,KEEP,Clear sequence or relationships and coherent visual hierarchy
145,images/EAGx5hV8xuU/009.jpg,chart,KEEP,"Clear comparisons, readable chart structure and balanced layout"
146,images/EAG72NXQyy8/012.jpg,chart,KEEP,"Clear comparisons, readable chart structure and balanced layout"
149,images/EAHAQ740Qb0/012.jpg,chart,KEEP,"Clear comparisons, readable chart structure and balanced layout"
160,images/EAHBr-ddUso/011.jpg,chart,KEEP,"Clear comparisons, readable chart structure and balanced layout"
170,images/EADjXsfg__U/001.jpg,chart,KEEP,"Clear comparisons, readable chart structure and balanced layout"
172,images/EAEmx5nA5hE/007.jpg,excluded,EXCLUDE,Insufficient clarity or visual quality for the additional reference set
184,images/EAEmkaAweCo/015.jpg,chart,KEEP,"Clear comparisons, readable chart structure and balanced layout"
207,images/EAEsknH-R6k/020.jpg,excluded,EXCLUDE,Insufficient clarity or visual quality for the additional reference set
217,images/EAE_s6AT8o0/005.jpg,table_matrix,KEEP,Clear comparison groups and consistent alignment
219,images/EAE_s6AT8o0/009.jpg,excluded,EXCLUDE,Insufficient clarity or visual quality for the additional reference set
221,images/EAE_s6AT8o0/013.jpg,diagram,KEEP,Clear sequence or relationships and coherent visual hierarchy
234,images/EAG_hzEeBp4/002.jpg,diagram,KEEP,Clear sequence or relationships and coherent visual hierarchy
238,images/EAG_hzEeBp4/005.jpg,table_matrix,KEEP,Clear comparison groups and consistent alignment
256,images/EAG18kDhJPk/008.jpg,excluded,EXCLUDE,Insufficient clarity or visual quality for the additional reference set
282,images/EAGxpwzfiJ4/007.jpg,excluded,EXCLUDE,Insufficient clarity or visual quality for the additional reference set
297,images/EAGzV2ILg_w/009.jpg,chart,KEEP,"Clear comparisons, readable chart structure and balanced layout"
313,images/EAFaVxhz4eM/005.jpg,excluded,EXCLUDE,Insufficient clarity or visual quality for the additional reference set
319,images/EAFaVxhz4eM/006.jpg,chart,KEEP,"Clear comparisons, readable chart structure and balanced layout"
320,images/EAGvEvDQdZs/005.jpg,excluded,EXCLUDE,Insufficient clarity or visual quality for the additional reference set
333,images/EAG7qP-UTrw/004.jpg,chart,KEEP,"Clear comparisons, readable chart structure and balanced layout"
334,images/EAGnUQGuh1E/008.jpg,chart,KEEP,"Clear comparisons, readable chart structure and balanced layout"
345,images/EAGvEvDQdZs/007.jpg,diagram,KEEP,Clear sequence or relationships and coherent visual hierarchy
351,images/EAG2iKL6DtI/009.jpg,excluded,EXCLUDE,Insufficient clarity or visual quality for the additional reference set
380,images/EAG7L5ViYhM/005.jpg,excluded,EXCLUDE,Insufficient clarity or visual quality for the additional reference set
385,images/EAF0HwJ4FOw/008.jpg,excluded,EXCLUDE,Insufficient clarity or visual quality for the additional reference set
398,images/EAF0HwJ4FOw/009.jpg,chart,KEEP,"Clear comparisons, readable chart structure and balanced layout"
418,images/EAGmxongmOw/008.jpg,excluded,EXCLUDE,Insufficient clarity or visual quality for the additional reference set
455,images/EAHDI75PlSE/006.jpg,excluded,EXCLUDE,Insufficient clarity or visual quality for the additional reference set
464,images/EAHDI75PlSE/007.jpg,excluded,EXCLUDE,Insufficient clarity or visual quality for the additional reference set
489,images/EAF9mDIZpbs/009.jpg,chart,KEEP,"Clear comparisons, readable chart structure and balanced layout"
500,images/EAF9mDIZpbs/010.jpg,table_matrix,KEEP,Clear comparison groups and consistent alignment
506,images/EAF9mDIZpbs/011.jpg,chart,KEEP,"Clear comparisons, readable chart structure and balanced layout"
534,images/EAHAXhSgjN8/012.jpg,chart,KEEP,"Clear comparisons, readable chart structure and balanced layout"
536,images/EAGwyoF6Bf8/010.jpg,excluded,EXCLUDE,Insufficient clarity or visual quality for the additional reference set
549,images/EAG-4BI3pJY/008.jpg,excluded,EXCLUDE,Insufficient clarity or visual quality for the additional reference set
552,images/EAGoAIfdStg/010.jpg,excluded,EXCLUDE,Insufficient clarity or visual quality for the additional reference set
562,images/EAG1qBInRB0/010.jpg,diagram,KEEP,Clear sequence or relationships and coherent visual hierarchy
564,images/EAG1qBInRB0/011.jpg,chart,KEEP,"Clear comparisons, readable chart structure and balanced layout"
567,images/EAHJmTCc_kE/005.jpg,excluded,EXCLUDE,Insufficient clarity or visual quality for the additional reference set
579,images/EAHJmTCc_kE/008.jpg,excluded,EXCLUDE,Insufficient clarity or visual quality for the additional reference set
584,images/EAGxL5k2Wws/008.jpg,excluded,EXCLUDE,Insufficient clarity or visual quality for the additional reference set
592,images/EAGWdbQfNGQ/007.jpg,excluded,EXCLUDE,Insufficient clarity or visual quality for the additional reference set
599,images/EAGwX2VN8ps/009.jpg,chart,KEEP,"Clear comparisons, readable chart structure and balanced layout"
631,images/EAG1He7VsOE/006.jpg,excluded,EXCLUDE,Insufficient clarity or visual quality for the additional reference set
636,images/EAGzNr6MIYk/009.jpg,chart,KEEP,"Clear comparisons, readable chart structure and balanced layout"
637,images/EAGip4E3q9I/008.jpg,excluded,EXCLUDE,Insufficient clarity or visual quality for the additional reference set
641,images/EAGzNr6MIYk/012.jpg,chart,KEEP,"Clear comparisons, readable chart structure and balanced layout"
649,images/EAF993PgcPE/009.jpg,excluded,EXCLUDE,Insufficient clarity or visual quality for the additional reference set
652,images/EAHKSBjqQfg/012.jpg,chart,KEEP,"Clear comparisons, readable chart structure and balanced layout"
661,images/EAGoqD1USXM/010.jpg,chart,KEEP,"Clear comparisons, readable chart structure and balanced layout"
699,images/EAGnGfppRx8/005.jpg,chart,KEEP,"Clear comparisons, readable chart structure and balanced layout"
703,images/EAHHwvWAI0c/008.jpg,chart,KEEP,"Clear comparisons, readable chart structure and balanced layout"
705,images/EAFivVmzbB0/011.jpg,excluded,EXCLUDE,Insufficient clarity or visual quality for the additional reference set
708,images/EAGnGfppRx8/011.jpg,chart,KEEP,"Clear comparisons, readable chart structure and balanced layout"
713,images/EAFivVmzbB0/016.jpg,excluded,EXCLUDE,Insufficient clarity or visual quality for the additional reference set
771,images/EAF9mNbvalY/008.jpg,excluded,EXCLUDE,Insufficient clarity or visual quality for the additional reference set
777,images/EAF9mNbvalY/012.jpg,excluded,EXCLUDE,Insufficient clarity or visual quality for the additional reference set
783,images/EAF9mNbvalY/013.jpg,chart,KEEP,"Clear comparisons, readable chart structure and balanced layout"
794,images/EADyrW1IbLU/005.jpg,chart,KEEP,"Clear comparisons, readable chart structure and balanced layout"
842,images/EAFpXAWC2Ng/010.jpg,excluded,EXCLUDE,Insufficient clarity or visual quality for the additional reference set
855,images/EAGm0zxOTng/007.jpg,chart,KEEP,"Clear comparisons, readable chart structure and balanced layout"
861,images/EAGm9xtKdeg/010.jpg,excluded,EXCLUDE,Insufficient clarity or visual quality for the additional reference set
876,images/EAG1GbzMpI8/001.jpg,diagram,KEEP,Clear sequence or relationships and coherent visual hierarchy
877,images/EAG0C-_M4k8/003.jpg,diagram,KEEP,Clear sequence or relationships and coherent visual hierarchy
879,images/EAG0C-_M4k8/004.jpg,diagram,KEEP,Clear sequence or relationships and coherent visual hierarchy
881,images/EAG0C-_M4k8/005.jpg,diagram,KEEP,Clear sequence or relationships and coherent visual hierarchy
882,images/EAG1GbzMpI8/003.jpg,diagram,KEEP,Clear sequence or relationships and coherent visual hierarchy
883,images/EAHBwfjkz4c/001.jpg,diagram,KEEP,Clear sequence or relationships and coherent visual hierarchy
884,images/EAHTUFXs0pU/001.jpg,excluded,EXCLUDE,Insufficient clarity or visual quality for the additional reference set
885,images/EAHTUFXs0pU/002.jpg,excluded,EXCLUDE,Insufficient clarity or visual quality for the additional reference set
886,images/EAG0C-_M4k8/008.jpg,diagram,KEEP,Clear sequence or relationships and coherent visual hierarchy
887,images/EAG1MAfZQhI/003.jpg,diagram,KEEP,Clear sequence or relationships and coherent visual hierarchy
888,images/EAHBwfjkz4c/004.jpg,diagram,KEEP,Clear sequence or relationships and coherent visual hierarchy
889,images/EAHTUFXs0pU/003.jpg,excluded,EXCLUDE,Insufficient clarity or visual quality for the additional reference set
890,images/EAG0C-_M4k8/009.jpg,diagram,KEEP,Clear sequence or relationships and coherent visual hierarchy
891,images/EAG1GbzMpI8/007.jpg,diagram,KEEP,Clear sequence or relationships and coherent visual hierarchy
892,images/EAG1MAfZQhI/004.jpg,diagram,KEEP,Clear sequence or relationships and coherent visual hierarchy
893,images/EAHBwfjkz4c/005.jpg,diagram,KEEP,Clear sequence or relationships and coherent visual hierarchy
894,images/EAG1MAfZQhI/007.jpg,diagram,KEEP,Clear sequence or relationships and coherent visual hierarchy
895,images/EAHQ81nRcbo/001.jpg,excluded,EXCLUDE,Insufficient clarity or visual quality for the additional reference set
896,images/EAHTUFXs0pU/007.jpg,excluded,EXCLUDE,Insufficient clarity or visual quality for the additional reference set
897,images/EAHBwfjkz4c/009.jpg,diagram,KEEP,Clear sequence or relationships and coherent visual hierarchy
898,images/EAHTUFXs0pU/008.jpg,diagram,KEEP,Clear sequence or relationships and coherent visual hierarchy
899,images/EAHTUFXs0pU/010.jpg,excluded,EXCLUDE,Insufficient clarity or visual quality for the additional reference set
900,images/EAG1MAfZQhI/009.jpg,diagram,KEEP,Clear sequence or relationships and coherent visual hierarchy
901,images/EAHQ81nRcbo/003.jpg,excluded,EXCLUDE,Insufficient clarity or visual quality for the additional reference set
903,images/EAG1MAfZQhI/010.jpg,diagram,KEEP,Clear sequence or relationships and coherent visual hierarchy
905,images/EAHQ81nRcbo/005.jpg,excluded,EXCLUDE,Insufficient clarity or visual quality for the additional reference set
906,images/EAHQ81nRcbo/006.jpg,excluded,EXCLUDE,Insufficient clarity or visual quality for the additional reference set
911,images/EAHQ81nRcbo/010.jpg,excluded,EXCLUDE,Insufficient clarity or visual quality for the additional reference set
914,images/EAHQ81nRcbo/011.jpg,excluded,EXCLUDE,Insufficient clarity or visual quality for the additional reference set
917,images/EAHQ81nRcbo/012.jpg,excluded,EXCLUDE,Insufficient clarity or visual quality for the additional reference set
924,images/EAHQ7d-S71g/002.jpg,excluded,EXCLUDE,Insufficient clarity or visual quality for the additional reference set
929,images/EAHQ7d-S71g/003.jpg,excluded,EXCLUDE,Insufficient clarity or visual quality for the additional reference set
932,images/EAHQ7d-S71g/006.jpg,excluded,EXCLUDE,Insufficient clarity or visual quality for the additional reference set
934,images/EAHFG5b5zD8/001.jpg,diagram,KEEP,Clear sequence or relationships and coherent visual hierarchy
936,images/EAHQ7d-S71g/007.jpg,excluded,EXCLUDE,Insufficient clarity or visual quality for the additional reference set
937,images/EAG4TCdylqM/007.jpg,excluded,EXCLUDE,Insufficient clarity or visual quality for the additional reference set
940,images/EAHQ7d-S71g/008.jpg,excluded,EXCLUDE,Insufficient clarity or visual quality for the additional reference set
942,images/EAHFG5b5zD8/003.jpg,diagram,KEEP,Clear sequence or relationships and coherent visual hierarchy
943,images/EAHQ7d-S71g/009.jpg,excluded,EXCLUDE,Insufficient clarity or visual quality for the additional reference set
946,images/EAHFG5b5zD8/004.jpg,diagram,KEEP,Clear sequence or relationships and coherent visual hierarchy
949,images/EAHFG5b5zD8/005.jpg,diagram,KEEP,Clear sequence or relationships and coherent visual hierarchy
950,images/EAHQ7d-S71g/010.jpg,diagram,KEEP,Clear sequence or relationships and coherent visual hierarchy
951,images/EAHFG5b5zD8/006.jpg,diagram,KEEP,Clear sequence or relationships and coherent visual hierarchy
953,images/EAHFG5b5zD8/010.jpg,diagram,KEEP,Clear sequence or relationships and coherent visual hierarchy
959,images/EAGZExvPS_s/006.jpg,table_matrix,KEEP,Clear comparison groups and consistent alignment
981,images/EAFtjwQ2T3w/003.jpg,excluded,EXCLUDE,Insufficient clarity or visual quality for the additional reference set
996,images/EAFtjwQ2T3w/010.jpg,excluded,EXCLUDE,Insufficient clarity or visual quality for the additional reference set
1032,images/EAGZQUtOtus/004.jpg,diagram,KEEP,Clear sequence or relationships and coherent visual hierarchy
1040,images/EAG79riowgo/005.jpg,diagram,KEEP,Clear sequence or relationships and coherent visual hierarchy
1048,images/EAG79riowgo/006.jpg,excluded,EXCLUDE,Insufficient clarity or visual quality for the additional reference set
1051,images/EAG79riowgo/007.jpg,chart,KEEP,"Clear comparisons, readable chart structure and balanced layout"
