file,title,detail_url,design_page,source_width,source_height,canvas_width,canvas_height,source_sha256
leaflet_001_EAHRYBoqOCc_p2.png,화이트 블루 깔끔한 대한민국 서울 여행 가이드 3단 브로셔,https://www.canva.com/ko_kr/templates/EAHRYBoqOCc/,2,1600,1131,1600,1236,02ff49d1b7c0bc7190f2365bf7d8553fa32973a71fe1f113c5e98e1682c45da3
leaflet_002_EAHRYBoqOCc_p1.png,화이트 블루 깔끔한 대한민국 서울 여행 가이드 3단 브로셔,https://www.canva.com/ko_kr/templates/EAHRYBoqOCc/,1,1600,1131,1600,1236,8bf5998f44e88f37fb8f896d17055dbcd8e2c06861241dcb5f75a5fcfccac3fc
leaflet_003_EAHSupEMW3U_p2.png,갈색 하늘색과 흰색 모던 청년 창업 지원 안내 브로셔,https://www.canva.com/ko_kr/templates/EAHSupEMW3U/,2,1600,1131,1600,1236,1fa051f97f4f4ad378c124bdf5bd832f58d4b85624590f5d8466c13d03ea8ad6
leaflet_004_EAHSupEMW3U_p1.png,갈색 하늘색과 흰색 모던 청년 창업 지원 안내 브로셔,https://www.canva.com/ko_kr/templates/EAHSupEMW3U/,1,1600,1131,1600,1236,c726acd122377eefcd08227fb0362db7f9e11b9f7a63dbef3762836cc92af50f
leaflet_005_EAHShqIQ4q0_p1.png,하늘색 청록색 네이비 모던 여행 한국 부산 도시 소개 브로셔,https://www.canva.com/ko_kr/templates/EAHShqIQ4q0/,1,1600,1131,1600,1236,c1eeb6b0fe356a3549d9b5b4e16232056ff1eba2ae775e0005e1586333cda3c4
leaflet_006_EAHShqIQ4q0_p2.png,하늘색 청록색 네이비 모던 여행 한국 부산 도시 소개 브로셔,https://www.canva.com/ko_kr/templates/EAHShqIQ4q0/,2,1600,1131,1600,1236,c4c447899f55b7fcf87a966a805b5ac0049c5ca2812b9e7ed4773051475c0c13
leaflet_007_EAHSvHYGDTc_p1.png,레몬 스카이블루 화이트 깔끔한 손그림 일러스트 도서관 책 축제 행사 프로그램 소개 브로셔,https://www.canva.com/ko_kr/templates/EAHSvHYGDTc/,1,1600,1131,1600,1236,78ceeef94cf7d2c30acfd46b2e84967e9606b39eb1c129e63ab369ca062a0ce5
leaflet_008_EAHSvHYGDTc_p2.png,레몬 스카이블루 화이트 깔끔한 손그림 일러스트 도서관 책 축제 행사 프로그램 소개 브로셔,https://www.canva.com/ko_kr/templates/EAHSvHYGDTc/,2,1600,1131,1600,1236,9cdd4fda858c860b485e75f10b7ef03bbb4984bae939781ec298429297718d78
leaflet_009_EAHAWCTJZS4_p1.png,베이지 갈색 미니멀 깔끔한 빵 베이커리 브랜드 소개 홍보 3단 리플렛 팜플렛 브로슈어,https://www.canva.com/ko_kr/templates/EAHAWCTJZS4/,1,1600,1131,1600,1236,c4287d878457ef4d32ef98917871aefb210169e39eb3cb36c6cccc57db616759
leaflet_010_EAHAWCTJZS4_p2.png,베이지 갈색 미니멀 깔끔한 빵 베이커리 브랜드 소개 홍보 3단 리플렛 팜플렛 브로슈어,https://www.canva.com/ko_kr/templates/EAHAWCTJZS4/,2,1600,1131,1600,1236,4ae6cc60e179133651d460f842467315d2f9c904046abed032ad05aeba69eec3
leaflet_011_EAHSLaIsTxE_p1.png,주황색 청록색 파란색 도형 보드게임 페스타 행사 지도 안내 트라이폴드 브로셔,https://www.canva.com/ko_kr/templates/EAHSLaIsTxE/,1,1600,1131,1600,1236,9b171d34ff7c4cbb4c410b22cbdd0930b25c629fd68de29896af9693b3d7b1ff
leaflet_012_EAHSLaIsTxE_p2.png,주황색 청록색 파란색 도형 보드게임 페스타 행사 지도 안내 트라이폴드 브로셔,https://www.canva.com/ko_kr/templates/EAHSLaIsTxE/,2,1600,1131,1600,1236,2e25289c30f567642040554ce4ae56eae9db7389139b1c5fae06d5a47420ff3c
leaflet_013_EAGpomB0Mpo_p1.png,그레이 베이지 미니멀리스트 뷰티 제품소개 3단 브로슈어,https://www.canva.com/ko_kr/templates/EAGpomB0Mpo/,1,1600,1131,1600,1236,85425e90c3abced5cc8ef88847af092d78dcbfd6a0057f4383e60548e3961505
leaflet_014_EAGpomB0Mpo_p2.png,그레이 베이지 미니멀리스트 뷰티 제품소개 3단 브로슈어,https://www.canva.com/ko_kr/templates/EAGpomB0Mpo/,2,1600,1131,1600,1236,b1c4a2f1cc3757ba3bf00afd8af04000700a7fcbae766bcbe93c3bab16c36bdf
leaflet_015_EAE3Uw3B2ks_p1.png,파란색 및 보라색 캐주얼 기업 기술 회사 브로셔,https://www.canva.com/ko_kr/templates/EAE3Uw3B2ks/,1,1600,1236,1600,1236,d25e479de27618a8f13c905121a1cc1b28f1b1138757a39f2e1f5af1c2d9ad8e
leaflet_016_EAE3Uw3B2ks_p2.png,파란색 및 보라색 캐주얼 기업 기술 회사 브로셔,https://www.canva.com/ko_kr/templates/EAE3Uw3B2ks/,2,1600,1236,1600,1236,402502bb16f0f4a68530f46e5b83b4298b1d6db6fa906e49c56c97ceb6894927
leaflet_017_EAGtYqIItWE_p2.png,노란색 종이질감 배경 전통적인 추석 명절 한가위 축제 홍보 3단 브로셔,https://www.canva.com/ko_kr/templates/EAGtYqIItWE/,2,1600,1131,1600,1236,ae8b5ecca32c36694dc6e4b6b1c0837a20c637bb431fe1338ba5aa8b27168398
leaflet_018_EAGtYqIItWE_p1.png,노란색 종이질감 배경 전통적인 추석 명절 한가위 축제 홍보 3단 브로셔,https://www.canva.com/ko_kr/templates/EAGtYqIItWE/,1,1600,1131,1600,1236,90db97ab9ba9f0732c495210612cde51ceb38d52705ddcaf444a49ebcbb82144
leaflet_019_EAHStRDfm9Y_p2.png,네이비 블루 연두 미니멀 서울 야경 관광 안내 브로셔,https://www.canva.com/ko_kr/templates/EAHStRDfm9Y/,2,1600,1131,1600,1236,724b9efa340b06574ea83c27547c333ffd9361b1704eb68a2f9486c0e9c350c7
leaflet_020_EAHStRDfm9Y_p1.png,네이비 블루 연두 미니멀 서울 야경 관광 안내 브로셔,https://www.canva.com/ko_kr/templates/EAHStRDfm9Y/,1,1600,1131,1600,1236,3837301040379a75cc324a682cfdd123917eecc59855baa457a7365bc927ab1d
leaflet_021_EAHSv5_BwzA_p2.png,노랑 주황 갈색 흰색 깔끔한 어린이 일러스트 도서관 이용 안내 브로셔 리플렛,https://www.canva.com/ko_kr/templates/EAHSv5_BwzA/,2,1600,1131,1600,1236,ef8e9c82d37db4ae0eb689d47d4e803b829e05ce038f71fe432c7a4fa00f5818
leaflet_022_EAHSv5_BwzA_p1.png,노랑 주황 갈색 흰색 깔끔한 어린이 일러스트 도서관 이용 안내 브로셔 리플렛,https://www.canva.com/ko_kr/templates/EAHSv5_BwzA/,1,1600,1131,1600,1236,9327a8f551825964bd5afe38f0c65ce334f36611699abcd216e47b5316c91431
leaflet_023_EAGwBSwymFQ_p2.png,갈색 미니멀리스트 클래식 콘서트 3단 리플렛 브로셔,https://www.canva.com/ko_kr/templates/EAGwBSwymFQ/,2,1600,1131,1600,1236,e60488d421d672d6eef4a16bf93e97ebaa32206c09ae29a4907a7946b3669faf
leaflet_024_EAGwBSwymFQ_p1.png,갈색 미니멀리스트 클래식 콘서트 3단 리플렛 브로셔,https://www.canva.com/ko_kr/templates/EAGwBSwymFQ/,1,1600,1131,1600,1236,fcd122cd45145fd5e3b3e28394b5d36a249fe14585370119a6dcdc9bfa0e1a47
leaflet_025_EAHRUXvTPNs_p2.png,베이지 브라운 내추럴 뷰티 브랜드 소개 브로셔(A5),https://www.canva.com/ko_kr/templates/EAHRUXvTPNs/,2,1600,1128,1600,1236,ece5bf7784e3ecac392c445bb50f3d259025e5cfbfa36166295388ad6cdf32b3
leaflet_026_EAHRUXvTPNs_p1.png,베이지 브라운 내추럴 뷰티 브랜드 소개 브로셔(A5),https://www.canva.com/ko_kr/templates/EAHRUXvTPNs/,1,1600,1128,1600,1236,c5ed57480b6c816a3f2db506b75af663329c41ba1c6e4bc9d16bb3aba61bbdf4
leaflet_027_EAHSPLjapag_p2.png,베이지 브라운 손그림 일러스트  베이커리 안내 3단 리플렛 브로셔,https://www.canva.com/ko_kr/templates/EAHSPLjapag/,2,1600,1131,1600,1236,b4fae05be8f9dc1558aafd62beb95a729e4931d26fcc5ce0b9ad6c3adb947625
leaflet_028_EAHSPLjapag_p1.png,베이지 브라운 손그림 일러스트  베이커리 안내 3단 리플렛 브로셔,https://www.canva.com/ko_kr/templates/EAHSPLjapag/,1,1600,1131,1600,1236,fd662a6d3a5ae9a0c471af8ab2fcea441b422c790e86653f35cb57264d4cb5aa
leaflet_029_EAHSvIhxnV4_p2.png,네이비 블루와 하늘색 미니멀 청년창업 지원 안내 브로셔,https://www.canva.com/ko_kr/templates/EAHSvIhxnV4/,2,1600,1131,1600,1236,bfd3d3b13b69268a65a94e8fe4ee631b08de3cef5bde7097dcaffad6f0178cbd
leaflet_030_EAHSvIhxnV4_p1.png,네이비 블루와 하늘색 미니멀 청년창업 지원 안내 브로셔,https://www.canva.com/ko_kr/templates/EAHSvIhxnV4/,1,1600,1131,1600,1236,c192a68a7536f109d304976baf143ccd0c03200235026181444c6138c89927b4
leaflet_031_EAGtaI34Z-I_p2.png,파란색 연보라 초록 심플 모던 깔끔한 텍스트 레이아웃 한국 문화 체험 여행 가이드북 전통 한복 브로셔 ,https://www.canva.com/ko_kr/templates/EAGtaI34Z-I/,2,1600,1236,1600,1236,d23838f4c073d5719df8e71a7eaa6014206797f2e1cf3db209f05482929019c8
leaflet_032_EAHSwefM-BY_p1.png,연두 민트 베이지 귀여운 손그림 일러스트 도서관 이용 안내 브로셔 리플렛,https://www.canva.com/ko_kr/templates/EAHSwefM-BY/,1,1600,1131,1600,1236,5e3bcd5e23463248f1361c20980b9609b0bcee98898480034545ae260f731d3b
leaflet_033_EAHSwefM-BY_p2.png,연두 민트 베이지 귀여운 손그림 일러스트 도서관 이용 안내 브로셔 리플렛,https://www.canva.com/ko_kr/templates/EAHSwefM-BY/,2,1600,1131,1600,1236,33e38382d10ae8a42c96cc634aaf3debef4c6fa2dc73f65d6694ac3ed0e8f9d5
leaflet_034_EAGtNoyG8Bw_p1.png,녹색 및 갈색 만화 스타일 전통시장 브로셔,https://www.canva.com/ko_kr/templates/EAGtNoyG8Bw/,1,1600,1131,1600,1236,d0d6efa2d4015374ebcfaf2c01c616efe257ccf39cb5ad3b97a1878a0c22ff7a
leaflet_035_EAGtNoyG8Bw_p2.png,녹색 및 갈색 만화 스타일 전통시장 브로셔,https://www.canva.com/ko_kr/templates/EAGtNoyG8Bw/,2,1600,1131,1600,1236,3f55faf2f5fbdf5f96f027d6f21e3c27b55f2d8b4565e1c415fef28448810669
leaflet_036_EAGne3P01us_p1.png,연노랑 남색 노랑 깔끔한 사업 설명 회계 3단 브로셔,https://www.canva.com/ko_kr/templates/EAGne3P01us/,1,1600,1131,1600,1236,8a58ef829131ad5f70da0cf64421f594f146db412e69dd25b0c7c6c99f4b22be
leaflet_037_EAGne3P01us_p2.png,연노랑 남색 노랑 깔끔한 사업 설명 회계 3단 브로셔,https://www.canva.com/ko_kr/templates/EAGne3P01us/,2,1600,1131,1600,1236,71999186402d234c7a6d8ad800f826c0bfc411416bfd9573a996d3e6342c8364
leaflet_038_EAHTff6Xy9I_p1.png,하늘색 파스텔 옐로 코랄 핑크 귀여운 아동 독서 토론 안내 브로셔,https://www.canva.com/ko_kr/templates/EAHTff6Xy9I/,1,1600,1131,1600,1236,0ea272bd3107f9b6d346d4dc983faaa8c568dbaa9213b24e5c172280c311a518
leaflet_039_EAHTff6Xy9I_p2.png,하늘색 파스텔 옐로 코랄 핑크 귀여운 아동 독서 토론 안내 브로셔,https://www.canva.com/ko_kr/templates/EAHTff6Xy9I/,2,1600,1131,1600,1236,6af67fcd05eb6b1382afcb0e63fbbae9a90467439dd52dd11d1fc7a3611174e9
leaflet_040_EAHRSRGwBNM_p1.png,그린 심플한 공공기관 환경보호 홍보 3단 브로셔,https://www.canva.com/ko_kr/templates/EAHRSRGwBNM/,1,1600,1131,1600,1236,9036d1b806a5f68d5dba7d20349c0c51107e475c9694b61b8527cf79fc2a063a
leaflet_041_EAHRSRGwBNM_p2.png,그린 심플한 공공기관 환경보호 홍보 3단 브로셔,https://www.canva.com/ko_kr/templates/EAHRSRGwBNM/,2,1600,1131,1600,1236,50553f755e40c6badfbe7dfd735aec7f9311099baa10b5d1e9abe89334098f16
leaflet_042_EAGuDyfVS3k_p1.png,블랙 베이지 미니멀리스트 부산 여행지 소개 3단 브로슈어,https://www.canva.com/ko_kr/templates/EAGuDyfVS3k/,1,1600,1131,1600,1236,2b63d2d9858ab4489beefdd22c579d6881cf5fc57bd6ad31e9aea558aea8fe02
leaflet_043_EAGuDyfVS3k_p2.png,블랙 베이지 미니멀리스트 부산 여행지 소개 3단 브로슈어,https://www.canva.com/ko_kr/templates/EAGuDyfVS3k/,2,1600,1131,1600,1236,518b2153c673a058f3045bad98c79209712fbae5df4862001ee6d567275d7470
leaflet_044_EAGtgXD8dl8_p1.png,노란색과 청록색 모던한 바다 테마 여행 추천 홍보 3단 리플렛 브로셔,https://www.canva.com/ko_kr/templates/EAGtgXD8dl8/,1,1600,1131,1600,1236,e93df8665c6391cc3fc6f3c41b30a2a5386be19b2936ca7d2dca4addaa276dc8
leaflet_045_EAGtgXD8dl8_p2.png,노란색과 청록색 모던한 바다 테마 여행 추천 홍보 3단 리플렛 브로셔,https://www.canva.com/ko_kr/templates/EAGtgXD8dl8/,2,1600,1131,1600,1236,d04adbfff9d84f144d0cda4e3462cbf532501cba1369299851f8f5fb938c01a4
leaflet_046_EAHR-Dn5v7A_p1.png,파랑 하늘색 우아한 성형외과 피부과 행사 a4 3단 브로셔,https://www.canva.com/ko_kr/templates/EAHR-Dn5v7A/,1,1600,1131,1600,1236,742a12a3e9affe6234ac4f14f306d28b45e814f493b80c19bd8ea44b9ae0ff8b
leaflet_047_EAHR-Dn5v7A_p2.png,파랑 하늘색 우아한 성형외과 피부과 행사 a4 3단 브로셔,https://www.canva.com/ko_kr/templates/EAHR-Dn5v7A/,2,1600,1131,1600,1236,b06aad95f44b6c45dfc7092bf8239fda289a5e381d6267f76949f204d5cd10bb
leaflet_048_EAHSvfTHD5s_p1.png,코랄 오프화이트 블루 미니멀 도서관 배움 프로그램 안내 브로셔,https://www.canva.com/ko_kr/templates/EAHSvfTHD5s/,1,1600,1131,1600,1236,e4ac66a88c04940ce85ae6a688558f88ca0204fac5a00048f2d1290790a28140
leaflet_049_EAHSvfTHD5s_p2.png,코랄 오프화이트 블루 미니멀 도서관 배움 프로그램 안내 브로셔,https://www.canva.com/ko_kr/templates/EAHSvfTHD5s/,2,1600,1131,1600,1236,67a68de7d594abb8c9bd4daab0e2d3399d0d85b1558c9806fc4eab28792b8f98
leaflet_050_EAHSeBa2gYQ_p1.png,노랑 크림과 브라운 모던 일러스트 가을 행사 브로셔,https://www.canva.com/ko_kr/templates/EAHSeBa2gYQ/,1,1600,1131,1600,1236,76b1140ab76f53a4b0f9211474e75e984724341b0b0287541376e491df4708ac
leaflet_051_EAHSeBa2gYQ_p2.png,노랑 크림과 브라운 모던 일러스트 가을 행사 브로셔,https://www.canva.com/ko_kr/templates/EAHSeBa2gYQ/,2,1600,1131,1600,1236,6f8acfde7f1e06219cc83c01e1294decb5fae66ad146e253138d4d5b405430c7
leaflet_052_EAGtaI34Z-I_p1.png,파란색 연보라 초록 심플 모던 깔끔한 텍스트 레이아웃 한국 문화 체험 여행 가이드북 전통 한복 브로셔 ,https://www.canva.com/ko_kr/templates/EAGtaI34Z-I/,1,1600,1236,1600,1236,b3569ce93e65abe0adc60a7031dc6c75cdea065ae36368f039f3ae2e86b368b2
